wheel,level,kannada,roman,english,literal,sthayi,also,note,song,by,source,yt,start
bhava,wheel,ಭಾವಚಕ್ರ,bhāva-cakra,"Seven core feelings, three rings: the English feeling wheel put into Kannada, seams and all.",ಭಾವಚಕ್ರ,,,,,,,,
bhava,0,ಸಂತೋಷ,santōṣa,Happy,,,"ಖುಷಿ|khuṣi|gladness, the most casual ;; ಹರ್ಷ|harṣa|joy, elevated ;; ಆನಂದ|ānanda|bliss ;; ಸಂತಸ|santasa|gladness, softer ;; ಹಿಗ್ಗು|higgu|swelling delight","Kannada keeps luck and gladness in separate words, where English <i>happy</i> still carries its old root <i>hap</i>, chance.",ಸಂತೋಷಕ್ಕೆ ಹಾಡು ಸಂತೋಷಕ್ಕೆ,,ಗೀತಾ,neLfupVwObI,
bhava,1,ತುಂಟತನ,ṭuṇṭatana,Playful,,,,The mischief of a child you are not actually angry with.,ಬೊಂಡ ನಾ ಬಜ್ಜಿ ನಾ,,ಕೋತಿಗಳು ಸಾರ್ ಕೋತಿಗಳು,63rWWFGLMMQ,
bhava,2,ಉದ್ರೇಕ,udrēka,Aroused,,,,"In Kannada ಉದ್ರೇಕ is not primarily erotic: a crowd, a temper and a nerve can all be ಉದ್ರಿಕ್ತ. It means charged, and the charge can go either way.",ಚುಟು ಚುಟು,,ರಾಂಬೊ 2,mK9C6wViwn4,
bhava,2,ಕೀಟಲೆ,kīṭale,Cheeky,,,,"Teasing you are allowed to do, which makes it a claim about the relationship.",ಪ್ಯಾರ್ಗೆ ಆಗ್ಬಿಟ್ಟೈತೆ,,ಗೋವಿಂದಾಯ ನಮಃ,eccBCKBmJr0,
bhava,1,ತೃಪ್ತಿ,tṛpti,Content,,,ಸಂತೃಪ್ತಿ|santṛpti|full satisfaction ;; ತಣಿವು|taṇivu|slaked ;; ಸಮಾಧಾನ|samādhāna|settledness,"The right word was in there, sitting under moisture content and table of contents. ತೃಪ್ತಿ is satiety: the feeling after a meal, and after a life.",ಆದದ್ದೆಲ್ಲ ಒಳಿತೇ ಆಯಿತು,,ಪುರಂದರದಾಸರ ಪದ,duJPkITAj6Q,
bhava,2,ನಿರಾಳ,nirāḷa,Free,,,,"ಮುಕ್ತ and ಸ್ವತಂತ್ರ are freedoms of status: liberated, independent, tax-exempt. The <i>feeling</i> of free is ನಿರಾಳ: unclenched, the breath after the weight comes off.",ಹಾಯಾಗಿದೆ ದಿನ ಮನ,,ತಾಯಿ ದೇವರು,p-V14XUHV_0,
bhava,2,ಹಿಗ್ಗು,higgu,Joyful,,,,To swell. Joy as something that expands you: the same verb for dough rising and for a chest filling.,ಖುಷಿಯಾಗಿದೆ ಏಕೋ,,ತಾಜ್ ಮಹಲ್,ZuMN2L0xlLY,
bhava,1,ಆಸಕ್ತಿ,āsakti,Interested,,,,,ಎಲ್ಲೋ ಹುಡುಕಿದೆ ಇಲ್ಲದ ದೇವರ,ಸಿ. ಅಶ್ವತ್ಥ್,ಜಿ.ಎಸ್. ಶಿವರುದ್ರಪ್ಪ,qBAoqZOSMpM,25
bhava,2,ಕುತೂಹಲ,kutūhala,Curious,,,,,ಯಾವ ಕವಿಯು ಬರೆಯಲಾರ,,ಭಾಗ್ಯದ ಲಕ್ಷ್ಮಿ ಬಾರಮ್ಮ,67azQ_PEjv0,
bhava,2,ಕೆದಕು,kedaku,Inquisitive,,,ಜಿಜ್ಞಾಸೆ|jijñāse|the wish to know ;; ಕುತೂಹಲ|kutūhala|curiosity ;; ಶೋಧ|śōdha|searching out,"ಕೆದಕು is to poke at a thing that was sitting quietly, and it keeps the faint rudeness English <i>inquisitive</i> also carries. ಜಿಜ್ಞಾಸೆ is the same impulse pointed at ideas rather than at people.",ಎಲ್ಲಿರುವೆ ಮನವ ಕಾಡುವ ರೂಪಸಿಯೇ,,ಬಯಲು ದಾರಿ,Dkm1xvK7EUE,
bhava,1,ಹೆಮ್ಮೆ,hemme,Proud,,,"ಅಭಿಮಾನ|abhimāna|pride as loyalty ;; ಗರ್ವ|garva|pride, tipping toward vanity ;; ಅಹಂಕಾರ|ahaṅkāra|the pride that has gone bad ;; ಗತ್ತು|gattu|swagger","Kannada resists a single word for pride: ಹೆಮ್ಮೆ is warm pride in someone, ಅಭಿಮಾನ is pride-as-loyalty, ಅಹಂಕಾರ is the pride that has gone bad. English collapses all three.",ಹುಟ್ಟಿದರೆ ಕನ್ನಡ ನಾಡಲ್ಲಿ ಹುಟ್ಟಬೇಕು,ಹಂಸಲೇಖ · ರಾಜಕುಮಾರ್,ಆಕಸ್ಮಿಕ · 1993,dSqQkqqq8fM,35
bhava,2,ಸಾರ್ಥಕ,sārthaka,Successful,,,,"ಯಶಸ್ವಿ is the outcome: you won. ಸಾರ್ಥಕ is the feeling: it had meaning, it was worth it. Only one of those belongs on an emotion wheel.",ಎದೆ ತುಂಬಿ ಹಾಡಿದೆನು,,ಭಾವಗೀತೆ,H-99yoLymF8,
bhava,2,ಆತ್ಮವಿಶ್ವಾಸ,ātma-viśvāsa,Confident,,,,Literally 'self-trust'. Kannada builds confidence out of the same root as trusting another person.,ಆಗದು ಎಂದು ಕೈಲಾಗದು ಎಂದು,ರಾಜನ್-ನಾಗೇಂದ್ರ · ಪಿ.ಬಿ.ಎಸ್,ಬಂಗಾರದ ಮನುಷ್ಯ · 1972,-Oryie1c-gs,50
bhava,1,ಒಪ್ಪಿಗೆ,oppige,Accepted,,,,"Kannada has no noun for the felt state of being accepted. You say it as something others did: ನನ್ನನ್ನು ಒಪ್ಪಿಕೊಂಡರು, they took me in. The feeling lives in a verb.",ಜೊತೆಯಲಿ ಜೊತೆ ಜೊತೆಯಲಿ,ಇಳಯರಾಜ · ಎಸ್.ಪಿ.ಬಿ,ಗೀತಾ · 1981,8HbwsAOfoRY,25
bhava,2,ಗೌರವ,gaurava,Respected,,,,"Something you give, actively, rather than something you passively have.",ಜಗದೋದ್ಧಾರನ,,ಪುರಂದರದಾಸರ ಪದ,P-Z90NNbD6U,
bhava,2,ಮನ್ನಣೆ,mannaṇe,Valued,,,,ಮೌಲ್ಯ is price. ಮನ್ನಣೆ is being recognised and given your due: the thing people leave jobs for the lack of.,ನಿನ್ನಿಂದಲೇ ನಿನ್ನಿಂದಲೇ,,ಮಿಲನ,-xmRjO2G05c,
bhava,1,ಶಕ್ತಿ,śakti,Powerful,,,,,ಆಕಾಶವೇ ಬೀಳಲಿ ಮೇಲೆ,,ನ್ಯಾಯವೇ ದೇವರು,9dtaiMx6Rl4,
bhava,2,ಧೈರ್ಯ,dhairya,Courageous,,,ಕೆಚ್ಚು|keccu|embers-courage ;; ಎದೆಗಾರಿಕೆ|edegārike|nerve ;; ದಿಟ್ಟತನ|diṭṭatana|boldness ;; ಛಲ|chala|resolve,"Steadiness under fear. The native alternatives are more physical: ಕೆಚ್ಚು is heat in the chest, ಎದೆಗಾರಿಕೆ is literally chest-having.",ಕನ್ನಡ ನಾಡಿನ ವೀರ ರಮಣಿಯ,,ನಾಗರಹಾವು,ziNXOdlPLLE,
bhava,2,ಹೊಳಹು,hoḷahu,Creative,,,ಸೃಜನಶೀಲತೆ|sṛjanaśīlate|creativity ;; ಕಲ್ಪನೆ|kalpane|imagining ;; ಸ್ಫೂರ್ತಿ|sphūrti|inspiration,The flash: the moment a thing occurs to you. Names the event rather than the faculty.,ನಾದಮಯ ಈ ಲೋಕವೆಲ್ಲಾ,ಉಪೇಂದ್ರ ಕುಮಾರ್ · ರಾಜಕುಮಾರ್,ಜೀವನ ಚೈತ್ರ · 1992,EkPOkT_a2U0,60
bhava,1,ನೆಮ್ಮದಿ,nemmadi,Peaceful,,,"ಶಾಂತಿ|śānti|peace, as the absence of conflict ;; ಸಮಾಧಾನ|samādhāna|being consoled ;; ನಿರಾಳ|nirāḷa|unclenched","The single most important correction on this wheel. ಶಾಂತಿ is peace as the absence of war: treaties, ceasefires, ಶಾಂತಿ ಸಭೆ. ನೆಮ್ಮದಿ is peace of mind, and it is what people actually pray for.",ತಂಬೂರಿ ಮೀಟಿದವ,ಕುಲದೀಪ್ ಎಂ. ಪೈ,ಪುರಂದರದಾಸ,uCCaFqRoihQ,30
bhava,2,ಪ್ರೀತಿ,prīti,Loving,,,ಮಮತೆ|mamate|attachment-love ;; ವಾತ್ಸಲ್ಯ|vātsalya|tenderness flowing downward ;; ಅಕ್ಕರೆ|akkare|fondness ;; ಒಲವು|olavu|leaning toward,"The general word, used for parents, friends and lovers without embarrassment. ಮಮತೆ, ವಾತ್ಸಲ್ಯ, ಅಕ್ಕರೆ and ಒಲವು each take a different share of it.",ನೂರೊಂದು ಜನ್ಮಕು,,ಅಮೆರಿಕಾ ಅಮೆರಿಕಾ,pFt58gtRgiM,
bhava,2,ಕೃತಜ್ಞತೆ,kṛtajñate,Thankful,,,,Literally 'knowing what was done'. Gratitude as accurate memory.,ಕೆರೆಯ ನೀರನು ಕೆರೆಗೆ ಚೆಲ್ಲಿ,,ಪುರಂದರದಾಸರ ಪದ,dcuOrNM45Uw,
bhava,1,ನಂಬಿಕೆ,nambike,Trusting,,,,"ನಂಬಿಕೆ also means belief, and superstition. Trusting a person and believing a thing are one act.",ನಂಬಿದೆ ನಿನ್ನ ನಾದದೇವತೆಯೇ,,ಸಂಧ್ಯಾರಾಗ,1XIdzVRWveI,
bhava,2,ಸೂಕ್ಷ್ಮ,sūkṣma,Sensitive,,,,"ಸೂಕ್ಷ್ಮ means fine-grained, subtle-perceiving. Calling someone ಸೂಕ್ಷ್ಮ is praise: unlike English 'sensitive', which is half an accusation.",ನಿನ್ನ ಕಂಗಳ ಕೊಳದಿ,,ಭಾವಗೀತೆ,ZOEJFLZsQmE,
bhava,2,ಸಲಿಗೆ,salige,Intimate,,,"ಆತ್ಮೀಯತೆ|ātmīyate|closeness ;; ಅನ್ಯೋನ್ಯ|anyōnya|mutual, easy with each other ;; ನಿಕಟ|nikaṭa|near","ಸಲಿಗೆ has no English word. It is the earned licence to be informal with someone: to tease them, take their food, drop the honorific. Intimacy defined as permission, not as feeling.",ಕಿವಿ ಮಾತೊಂದು ಹೇಳಲೇನು,,ಮಿಲನ,Ei_syfExf6Q,
bhava,1,ಭರವಸೆ,bharavase,Optimistic,,,"ಆಶಾವಾದ|āśāvāda|optimism, as a stance ;; ನಿರೀಕ್ಷೆ|nirīkṣe|expectation ;; ನಂಬಿಕೆ|nambike|trust, belief","ಭರವಸೆ is also the word for a promise or an assurance. Optimism, in Kannada, is something somebody gave you.",ಅರಳುತಿರು ಜೀವದ ಗೆಳೆಯ,,ಮುಂಗಾರು ಮಳೆ,qzuKFxE672I,
bhava,2,ಆಸೆ,āse,Hopeful,,,"ಆಶೆ|āśe|hope, the Sanskrit form ;; ಹಂಬಲ|hambala|yearning ;; ಬಯಕೆ|bayake|wish","The plainest possible word: wish, want, hope, all one. Kannada does not separate hoping from wanting.",ಒಂದೇ ಒಂದು ಆಸೆಯು,,ಚಿತ್ರಗೀತೆ,gXE3KK0mOeI,
bhava,2,ಸ್ಫೂರ್ತಿ,sphūrti,Inspired,,,,"No result. ಸ್ಫೂರ್ತಿ is the everyday word: a sudden welling-up, the same root as a spark.",ಬಾರಿಸು ಕನ್ನಡ ಡಿಂಡಿಮವ,ಶಿವಮೊಗ್ಗ ಸುಬ್ಬಣ್ಣ,ಕುವೆಂಪು,48T3gr4AFJo,15
bhava,0,ಅಚ್ಚರಿ,accari,Surprised,,,"ಆಶ್ಚರ್ಯ|āścarya|surprise, the Sanskrit form ;; ವಿಸ್ಮಯ|vismaya|astonishment ;; ಬೆರಗು|beragu|wonder that stops you","ಅಚ್ಚರಿ is the native word and ಆಶ್ಚರ್ಯ the Sanskrit one; both are in daily use, and this wheel uses the shorter.",ಎಂದೂ ಕಾಣದ ಬೆಳಕ ಕಂಡೆ,,ಭೂಲೋಕದಲ್ಲಿ ಯಮರಾಜ,qJGJuDtdHVc,
bhava,1,ಬೆಚ್ಚು,beccu,Startled,,,,ಬೆಚ್ಚಿಬೀಳು: to be startled and drop. Kannada builds the flinch out of a fall.,ದೆನ್ನಾನ ದೆನ್ನಾನ,ಅನೂಪ್ ಭಂಡಾರಿ,ರಂಗಿತರಂಗ · 2015,oepLylgqSKU,20
bhava,2,ಆಘಾತ,āghāta,Shocked,,,,,ಸೋಲ್ ಆಫ್ ದಿಯಾ,,ದಿಯಾ,cO4eJxbCedc,
bhava,2,ಎದೆಗುಂದು,edegundu,Dismayed,,,,Literally 'the chest sinks'. Kannada names the physical event and leaves you to infer the feeling: it does this constantly.,ಬಾನ ದಾರಿಯಲ್ಲಿ ಸೂರ್ಯ ಜಾರಿ ಹೋದ,,ಭಾಗ್ಯದ ಲಕ್ಷ್ಮಿ ಬಾರಮ್ಮ,keMpTLBzX50,
bhava,1,ಗೊಂದಲ,gondala,Confused,,,"ಕಕ್ಕಾಬಿಕ್ಕಿ|kakkābikki|flustered ;; ತಬ್ಬಿಬ್ಬು|tabbibbu|thrown, at a loss ;; ಗಲಿಬಿಲಿ|galibili|muddle",Confusion as too many voices at once: the word is also used for an actual noisy crowd.,ಹೇಳು ಶಿವ,,ಲೂಸಿಯಾ,udlrKIs0b-o,
bhava,2,ಭ್ರಮೆ ಕಳಚು,bhrame kaḷacu,Disillusioned,,,,"The illusion comes unfastened. ಕಳಚು is what a bangle does, or a bolt.",ಓಳು ಬರಿ ಓಳು,ಗುರುಕಿರಣ್,ಉಪೇಂದ್ರ · 1999,-MKlrMx2k1c,30
bhava,2,ಕಂಗೆಡು,kaṅgeḍu,Perplexed,,,,"ಕಣ್ + ಕೆಡು: the eyes go bad. To be at a loss is, literally, to lose your sight of it.",ಯಾರೋ ನಾನು,,ಕನ್ನಡ ಚಿತ್ರಗೀತೆ,uvMAUAKivio,
bhava,1,ಬೆರಗು,beragu,Amazed,,,ವಿಸ್ಮಯ|vismaya|astonishment ;; ಅಚ್ಚರಿ|accari|surprise ;; ಸೋಜಿಗ|sōjiga|marvel,,ಓ ಎಂಥ ಸೌಂದರ್ಯ ಕಂಡೆ,,ಶಂಕರ್ ಗುರು,H_D1GBhlR1w,
bhava,2,ದಂಗು,daṅgu,Astonished,,,ವಿಸ್ಮಯ|vismaya|astonishment ;; ಆಶ್ಚರ್ಯ|āścarya|surprise ;; ಬೆರಗು|beragu|wonder ;; ದಿಗ್ಭ್ರಮೆ|digbhrame|stupefaction,ದಂಗಾದೆ: I was floored. The version of astonishment with your mouth open.,ಆಕಾಶದಿಂದ ಜಾರಿ,,ಜನ್ಮ ಜನ್ಮದ ಅನುಬಂಧ,AOk3QT8N74g,
bhava,2,ಭಯಭಕ್ತಿ,bhaya-bhakti,Awe,,,,"Fear-and-devotion in one compound: how one stands before a deity or a formidable elder. Awe as a social posture, not a private thrill.",ವರಾಹ ರೂಪಂ,ಅಜನೀಶ್ ಲೋಕನಾಥ್,ಕಾಂತಾರ · 2022,gH_RYRwVrVM,30
bhava,1,ಉತ್ಸಾಹ,utsāha,Excited,,,ಹುರುಪು|hurupu|vigour ;; ಉಮೇದು|umēdu|zest ;; ಹುಮ್ಮಸ್ಸು|hummassu|drive ;; ಸಡಗರ|saḍagara|bustle and delight,,ಜೀವ ಕನ್ನಡ,,ವೀರ ಕನ್ನಡಿಗ,kn9Sv7uaUDE,
bhava,2,ತವಕ,tavaka,Eager,,,,ತವಕ and ಕಾತರ are both eagerness with an edge of ache: waiting that has begun to hurt slightly.,ಒಮ್ಮೆ ನಿನ್ನನ್ನು ಕಣ್ತುಂಬ,,ಕನ್ನಡ ಚಿತ್ರಗೀತೆ,A9a71kfcl7s,
bhava,2,ಹುರುಪು,hurupu,Energetic,,,,,ಘಟ್ಟದ ಇಳಿದು,,ಉಳಿದವರು ಕಂಡಂತೆ,1VwZ1tnDZbs,
bhava,0,ಬೇಸರ,bēsara,Bad,,,"ಬೇಜಾರು|bējāru|fed up, the same word one register down ;; ಸಪ್ಪೆ|sappe|flat, unsalted ;; ಜಡ|jaḍa|inert","The hardest sector. Kannada's ಕೆಟ್ಟ is moral or qualitative, a bad man, spoiled milk, and cannot be a feeling. But look at what the English wheel actually files under 'Bad': bored, busy, stressed, tired. That whole zone has one Kannada name, ಬೇಸರ: a fused weariness-with-things that English needs four words to circle.",ಆಡಿಸಿದಾತ ಬೇಸರ ಮೂಡಿ,,ಕಸ್ತೂರಿ ನಿವಾಸ,nszeqsxnK_g,
bhava,1,ಬೇಜಾರು,bējāru,Bored,,,"ಬೇಸರ|bēsara|weary discontent ;; ಜಿಗುಪ್ಸೆ|jigupse|revulsion, world-weariness ;; ಸಪ್ಪೆ|sappe|flat","No entry for <i>boredom</i>. ಬೇಜಾರು covers bored, mildly sad, and fed-up in one breath. 'ಬೇಜಾರಾಗಿದೆ' could be any of the three and the listener works it out from your face.",ಲೈಫು ಇಷ್ಟೇನೆ,ಮನೋಮೂರ್ತಿ,ಪಂಚರಂಗಿ · 2010,OurLEFrIHDo,30
bhava,2,ಉದಾಸೀನ,udāsīna,Indifferent,,,,In philosophy ಉದಾಸೀನ is the sage's equanimity. In an argument it is the coldest insult available.,ಬದುಕು ಮಾಯೆಯ ಮಾಟ,,ಅಲ್ಲಮಪ್ರಭು ವಚನ,zInzP5hhuss,
bhava,2,ಅಸಡ್ಡೆ,asaḍḍe,Apathetic,,,"ನಿರಾಸಕ್ತಿ|nirāsakti|disinterest ;; ಉದಾಸೀನ|udāsīna|indifference, or the cold shoulder ;; ತಾತ್ಸಾರ|tātsāra|disdain","Not caring, and not quite bothering to hide that you are not caring.",ಉಳ್ಳವರು ಶಿವಾಲಯ ಮಾಡುವರು,ಝಂಕಾರ್ ಭಕ್ತಿ,ಬಸವಣ್ಣ · ವಚನ,hJSk5l3Na7A,40
bhava,1,ಧಾವಂತ,dhāvanta,Busy,,,,"The harried forward-lean of someone always mid-errand: what a full schedule does to you, rather than the schedule itself.",ಯಾರಿಗೆ ಹೇಳೋಣ ನಮ್ಮ ಪ್ರಾಬ್ಲಮ್ಮು,ಮನೋಮೂರ್ತಿ,ಲೈಫು ಇಷ್ಟೇನೆ · 2011,f86MjXLG6js,25
bhava,2,ಒತ್ತಡ,ottaḍa,Pressured,,,,"Same word for atmospheric pressure, blood pressure, and social pressure. Kannada did not borrow 'stress': it extended 'push'.",,,,,
bhava,2,ಆತುರ,ātura,Rushed,,,,"ಆತುರ is haste as a character flaw as much as a state: 'ಆತುರಗಾರನಿಗೆ ಬುದ್ಧಿ ಮಟ್ಟ', the hasty man is short on sense.",,,,,
bhava,1,ತಳಮಳ,taḷamaḷa,Stressed,,,,The churn: the word for boiling liquid and for a mind that will not settle.,ಈ ಸಂಜೆ ಯಾಕಾಗಿದೆ,ಮನೋಮೂರ್ತಿ · ಸೋನು ನಿಗಮ್,ಗೆಳೆಯ · 2007,-1TEJkzEgYc,40
bhava,2,ಹೈರಾಣ,hairāṇa,Overwhelmed,,,,"English uses one <i>overwhelmed</i> in two places on this wheel. Kannada splits them by how you are swamped: ಹೈರಾಣ is worn down to nothing by too much work; ಕಳವಳ, over in ಭಯ, is being swamped by dread.",ಖಾಲಿ ಖಾಲಿ,,ಕನ್ನಡ ಚಿತ್ರಗೀತೆ,ypvvqIvrPHY,
bhava,2,ಚಡಪಡಿಕೆ,caḍapaḍike,Restless,,,,"Onomatopoeic: the sound of a fish on dry ground, or a body that cannot stay in the chair.",ಮಳೆ ನಿಂತು ಹೋದ ಮೇಲೆ,,ಮಿಲನ,P5-vLnColQc,
bhava,1,ದಣಿವು,daṇivu,Tired,,,ಆಯಾಸ|āyāsa|fatigue ;; ಬಳಲಿಕೆ|baḷalike|exhaustion ;; ಸುಸ್ತು|sustu|done in,Used of a body and of a day alike.,ಬಾಳೊಂದು ಭಾವಗೀತೆ,,ನಕ್ಕರೆ ಅದೇ ಸ್ವರ್ಗ,d1xlctKpyT0,
bhava,2,ತೂಕಡಿಕೆ,tūkaḍike,Sleepy,,,ಜೋಂಪು|jōmpu|the afternoon drowse ;; ಮಂಪರು|mamparu|half-sleep ;; ನಿದ್ದೆ|nidde|sleep,The nod of the head as you lose the fight.,,,,,
bhava,2,ಅನ್ಯಮನಸ್ಕ,anya-manaska,Unfocused,,,,"'Other-minded': your mind is somewhere, just not here. Kinder than 'distracted', which implies something pulled you.",ಮುಂಜಾನೆ ಮಂಜಲ್ಲಿ,,ಜಸ್ಟ್ ಮಾತ್ ಮಾತಲ್ಲಿ,xNR4FAEGxV4,
bhava,0,ಭಯ,bhaya,Fearful,,,ಹೆದರಿಕೆ|hedarike|being scared ;; ಅಂಜಿಕೆ|añjike|timidity ;; ಭೀತಿ|bhīti|terror ;; ದಿಗಿಲು|digilu|dread ;; ಗಾಬರಿ|gābari|panic ;; ಆತಂಕ|ātaṅka|anxiety,"Kannada grades fear finely: ಅಂಜಿಕೆ timid, ಹೆದರಿಕೆ scared, ದಿಗಿಲು dread, ಗಾಬರಿ panic, ಆತಂಕ anxiety, ಭೀತಿ terror.",ರಾ ರಾ ಸರಸಕು,ಗುರುಕಿರಣ್ · ರಾಜೇಶ್ ನಂದಿತಾ,ಆಪ್ತಮಿತ್ರ · 2004,ReeQgwpRO88,30
bhava,1,ಹೆದರಿಕೆ,hedarike,Scared,,,,,ಕರ್ಮ ಥೀಮ್,,ಯು ಟರ್ನ್,MSW9ZhgAM2Y,
bhava,2,ಅಸಹಾಯಕತೆ,asahāyakate,Helpless,,,,"Helplessness as having nowhere to turn: ದಿಕ್ಕಿಲ್ಲದ, without a direction, says it best.",ನೀರ ಬಿಟ್ಟು ನೆಲದ ಮೇಲೆ,,ಹೊಂಬಿಸಿಲು,1UKpmhCzNKE,
bhava,2,ಅಂಜಿಕೆ,añjike,Frightened,,,,,,,,,
bhava,1,ಆತಂಕ,ātaṅka,Anxious,,,"ಕಳವಳ|kaḷavaḷa|agitation ;; ಚಿಂತೆ|cinte|worry, thought ;; ತಳಮಳ|taḷamaḷa|churn ;; ವ್ಯಾಕುಲ|vyākula|distress",ಆತಂಕ is now the standard clinical word too. Its older sense is closer to 'impediment': anxiety as the thing in your way.,ನೀನಿರದೆ,,ಗೂಗ್ಲಿ,g5O5ufz8w34,
bhava,2,ಚಿಂತೆ,cinte,Worried,,,"ಯೋಚನೆ|yōcane|thinking it over ;; ಕಾಳಜಿ|kāḷaji|care, concern ;; ತಲೆಬಿಸಿ|talebisi|head-heat","ಚಿಂತೆ is also simply 'thought'. To worry and to think are the same verb, which tells you something.",ಚಿಂತೆ ಯಾಕೆ ಮಾಡುತಿದ್ದೀ,,ದಾಸರ ಪದ,4a3hpsPdJsQ,
bhava,2,ಕಳವಳ,kaḷavaḷa,Overwhelmed,,,,The second of the split: see ಹೈರಾಣ under ಬೇಸರ. ಕಳವಳ is being flooded by apprehension rather than by workload.,ಕಣ್ಣೀರ ಧಾರೆ ಇದೇತಕೆ,,ಹೊಸ ಬೆಳಕು,K7RXspdkHmc,
bhava,1,ಅಳುಕು,aḷuku,Insecure,,,"ಅಭದ್ರತೆ|abhadrate|insecurity, of a thing unguarded ;; ಹಿಂಜರಿಕೆ|hiñjarike|hesitation ;; ಶಂಕೆ|śaṅke|misgiving with fear in it","The small inward flinch before you do the thing anyway. ಅಭದ್ರತೆ carries the other sense of <i>insecure</i>: physically unguarded, a word for buildings and borders.",,,,,
bhava,2,ಕೊರತೆ,korate,Inadequate,,,,"ಕೊರತೆ is a shortfall: of rain, of funds, of oneself. The same word, which quietly makes it feel less like a personal verdict.",ಯಾರಿಗೆ ಯಾರಂಟು,,ಗಾಳಿ ಗೋಪುರ,bTE4wLWROYU,
bhava,2,ಕೀಳರಿಮೆ,kīḷarime,Inferior,,,,'Low-self-knowing': the exact and rather beautiful Kannada for an inferiority complex.,,,,,
bhava,1,ದುರ್ಬಲ,durbala,Weak,,,,,ಬಾಳುವಂತ ಹೂವೇ ಬಾಡುವಾಸೆ ಏಕೆ,ಉಪೇಂದ್ರ ಕುಮಾರ್ · ರಾಜಕುಮಾರ್,ಆಕಸ್ಮಿಕ · 1993,BOoWZEhCh8s,40
bhava,2,ದಂಡ,daṇḍa,Worthless,,,ನಿಷ್ಪ್ರಯೋಜಕ|niṣprayōjaka|of no use ;; ಅಯೋಗ್ಯ|ayōgya|unworthy ;; ವ್ಯರ್ಥ|vyartha|in vain,Literally waste. 'ನಾನು ದಂಡ' is how the feeling gets said about oneself.,ಬೊಂಬೆ ಹೇಳುತೈತೆ,,ರಾಜಕುಮಾರ,gy5_T2ACerk,
bhava,2,ಲೆಕ್ಕಕ್ಕಿಲ್ಲ,lekkakkilla,Insignificant,,,ಕ್ಷುಲ್ಲಕ|kṣullaka|trivial ;; ಅಲ್ಪ|alpa|slight ;; ನಿಕೃಷ್ಟ|nikṛṣṭa|abject,'Not in the count.' Insignificance as an accounting error.,,,,,
bhava,1,ತಿರಸ್ಕಾರ,tiraskāra,Rejected,,,,"ತಿರಸ್ಕಾರ is what the other person did. As with ಒಪ್ಪಿಗೆ, Kannada gives you no noun for the receiving end: rejection is only ever described from outside.",ಕಾಣದಂತೆ ಮಾಯವಾದನು,,ಚಲಿಸುವ ಮೋಡಗಳು,_N80F5mJDEk,
bhava,2,ಹೊರಗಿಡು,horagiḍu,Excluded,,,"ಬಹಿಷ್ಕಾರ|bahiṣkāra|boycott, outcasting ;; ದೂರವಿಡು|dūraviḍu|to keep at a distance ;; ಪ್ರತ್ಯೇಕಿಸು|pratyēkisu|to separate off","Kannada says it as something done to you: ಹೊರಗಿಟ್ಟರು, they kept me out. ಬಹಿಷ್ಕಾರ is the same act with a history attached to it.",,,,,
bhava,2,ಕಿರುಕುಳ,kirukuḷa,Persecuted,,,,,ಯಾರಿಗೆ ಬಂತು ಎಲ್ಲಿಗೆ ಬಂತು ನಲವತ್ತೇಳರ ಸ್ವಾತಂತ್ರ್ಯ,ಪಿಚ್ಚಳ್ಳಿ ಶ್ರೀನಿವಾಸ್,ಸಿದ್ದಲಿಂಗಯ್ಯ,s90VmReOoco,15
bhava,1,ಬೆದರಿಕೆ,bedarike,Threatened,,,ಹೆದರಿಕೆ|hedarike|being scared ;; ಬೆಚ್ಚು|beccu|a startle ;; ಅಪಾಯ|apāya|danger,"No entry for the adjective. ಬೆದರಿಕೆ is the threat itself; feeling threatened is said as ಬೆದರಿಕೆ ಇದೆ, 'there is a threat', placing it outside you rather than inside.",ಗರನೆ ಗರ ಗರನೆ,ಗುರುಕಿರಣ್,ಆಪ್ತರಕ್ಷಕ · 2010,QuUFeWG9qZQ,25
bhava,2,ನಡುಕ,naḍuka,Nervous,,,,The tremble itself: Kannada names the body and lets the feeling be inferred.,,,,,
bhava,2,ಬಟಾಬಯಲು,baṭā-bayalu,Exposed,,,,"ಬಟಾಬಯಲು is open ground with not one thing to hide behind: used for landscape and for people, with no change of tone.",,,,,
bhava,0,ಕೋಪ,kōpa,Angry,,,"ಸಿಟ್ಟು|siṭṭu|hot, quick anger ;; ಕ್ರೋಧ|krōdha|wrath ;; ರೋಷ|rōṣa|fury ;; ಸಿಡುಕು|siḍuku|worn-in irritability ;; ಮುನಿಸು|munisu|the loving sulk ;; ತಾಪ|tāpa|heat","Kannada separates anger by heat and by intimacy: ಸಿಟ್ಟು is hot and quick, ಕೋಪ is the general word, ಕ್ರೋಧ is grand and destructive, ಸಿಡುಕು is chronic and worn on the face, and ಮುನಿಸು is the anger you only get to have with someone who loves you.",ಯಾರಿಗೆ ಬಂತು ಎಲ್ಲಿಗೆ ಬಂತು ನಲವತ್ತೇಳರ ಸ್ವಾತಂತ್ರ್ಯ,ಪಿಚ್ಚಳ್ಳಿ ಶ್ರೀನಿವಾಸ್,ಸಿದ್ದಲಿಂಗಯ್ಯ,s90VmReOoco,15
bhava,1,ಕೈಕೊಟ್ಟರು,kai-koṭṭaru,Let down,,,,"Kannada has no noun here. You say ಕೈಕೊಟ್ಟರು, they gave me the hand, meaning they withdrew it at the moment you leaned on it.",ಮರೆಯದೆ ಕ್ಷಮಿಸು,,ಕನ್ನಡ ಚಿತ್ರಗೀತೆ,rPds_vgFFIw,
bhava,2,ದ್ರೋಹ,drōha,Betrayed,,,,ದ್ರೋಹ is grave: the word used for treason and for betraying a guru. Kannada does not have a casual register for this.,,,,,
bhava,2,ಅಸಮಾಧಾನ,asamādhāna,Resentful,,,,"Literally 'un-settledness': the negation of ಸಮಾಧಾನ, consolation. Resentment as a grievance that was never talked down.",ಯಾರೇ ಕೂಗಾಡಲಿ ಊರೇ ಹೋರಾಡಲಿ,ಜಿ.ಕೆ. ವೆಂಕಟೇಶ್ · ರಾಜಕುಮಾರ್,ಸಂಪತ್ತಿಗೆ ಸವಾಲ್ · 1974,3VkLPCrDB6c,20
bhava,1,ಅವಮಾನ,avamāna,Humiliated,,,,"ತೇಜೋವಧೆ, the murder of someone's lustre, is the other word for it: humiliation as an assassination of light.",,,,,
bhava,2,ಅವಮರ್ಯಾದೆ,avamaryāde,Disrespected,,,"ಅಗೌರವ|agaurava|disrespect ;; ಉಪೇಕ್ಷೆ|upēkṣe|being overlooked ;; ತಿರಸ್ಕಾರ|tiraskāra|rejection, contempt","ಮರ್ಯಾದೆ, the respect owed to you in public, is one of the most-used words in Kannada. This is its negation.",,,,,
bhava,2,ಗೇಲಿ,gēli,Ridiculed,,,ಅಪಹಾಸ್ಯ|apahāsya|ridicule ;; ಅಣಕ|aṇaka|mimicry ;; ಅವಹೇಳನ|avahēḷana|belittling ;; ಕುಚೋದ್ಯ|kucōdya|malicious teasing,Laughter turned and pointed. The wound is that a good thing was aimed at you.,ಓಳು ಬರಿ ಓಳು,ಗುರುಕಿರಣ್,ಉಪೇಂದ್ರ · 1999,-MKlrMx2k1c,30
bhava,1,ಕಹಿ,kahi,Bitter,,,,"The taste-word does the emotional work too: ಮನಸ್ಸಿನಲ್ಲಿ ಕಹಿ, bitterness in the mind.",ವಿರಹ ನೂರು ನೂರು ತರಹ,,ಎಡಕಲ್ಲು ಗುಡ್ಡದ ಮೇಲೆ,AHqvd_nVJxE,
bhava,2,ಆಕ್ರೋಶ,ākrōśa,Indignant,,,,"Anger with a case to argue: literally an outcry, the anger of protest.",ಯಾರೇ ಕೂಗಾಡಲಿ ಊರೇ ಹೋರಾಡಲಿ,ಜಿ.ಕೆ. ವೆಂಕಟೇಶ್ · ರಾಜಕುಮಾರ್,ಸಂಪತ್ತಿಗೆ ಸವಾಲ್ · 1974,3VkLPCrDB6c,20
bhava,2,ಭಂಗ,bhaṅga,Violated,,,,"A real hole in the language. The available words are either legal, breaking a rule, or ಮಾನಭಂಗ, the specific term for sexual assault. There is no neutral Kannada for 'I feel violated'.",,,,,
bhava,1,ಸಿಟ್ಟು,siṭṭu,Mad,,,"ಕೋಪ|kōpa|anger, composed ;; ಕ್ರೋಧ|krōdha|wrath ;; ಮುನಿಸು|munisu|the loving sulk ;; ಸೆಡವು|seḍavu|a huff","Hot and quick, and the most-used of the anger words.",ತಗರು ಬಂತು ತಗರು,ಚರಣ್ ರಾಜ್,ತಗರು · 2018,V3-Fd8wPuRA,20
bhava,2,ರೊಚ್ಚು,roccu,Furious,,,"ರೋಷ|rōṣa|fury ;; ಕ್ರೋಧ|krōdha|wrath ;; ಆವೇಶ|āvēśa|frenzy, possession ;; ಉಗ್ರ|ugra|ferocious",ರೊಚ್ಚಿಗೇಳು: to rise into ರೊಚ್ಚು. Anger that has got into the body and lifted you out of your seat.,ಸುಲ್ತಾನ,ರವಿ ಬಸ್ರೂರು,ಕೆ.ಜಿ.ಎಫ್ ೨ · 2022,kwa9JRcqKeE,30
bhava,2,ಹೊಟ್ಟೆಕಿಚ್ಚು,hoṭṭe-kiccu,Jealous,,,"ಅಸೂಯೆ|asūye|envy ;; ಮಾತ್ಸರ್ಯ|mātsarya|envious rivalry ;; ಕರುಬು|karubu|to begrudge, to smoulder ;; ಹೊಟ್ಟೆಯುರಿ|hoṭṭeyuri|the burn of being wronged","Belly-fire. Envy located precisely in the stomach, and said out loud: everyone knows which organ is burning.",,,,,
bhava,1,ಜಗಳಗಂಟ,jagaḷagaṇṭa,Aggressive,,,ಆಕ್ರಮಣಶೀಲ|ākramaṇaśīla|aggressive ;; ಕಾದಾಟ|kādāṭa|fighting ;; ಹಟಮಾರಿ|haṭamāri|obstinate and combative,'Quarrel-knot': a person who ties fights.,ಜಗವೇ ಒಂದು ರಣರಂಗ,ಹಂಸಲೇಖ · ಶಿವರಾಜ್‌ಕುಮಾರ್,ರಣರಂಗ · 1988,MpzlmO8OLH8,25
bhava,2,ಕೆರಳಿಕೆ,keraḷike,Provoked,,,,ಕೆಣಕು is the good one: to poke a thing that was sitting quietly.,,,,,
bhava,2,ಹಗೆತನ,hagetana,Hostile,,,,"ಹಗೆ is the old native word for enemy, and it is heavy: the enmity of feuds and epics, not of office politics.",,,,,
bhava,1,ರೇಜಿಗೆ,rējige,Frustrated,,,,Frustration as an ongoing state: exasperation at something that keeps not working.,ಬಿಟ್ಟಾಕು ಬಿಟ್ಟಾಕು,,ಸೂಪರ್ ಸ್ಟಾರ್,NORO0x0V8oA,
bhava,2,ಕೆಂಡಾಮಂಡಲ,keṇḍā-maṇḍala,Infuriated,,,,"'A whole mandala of live coals.' One of the finest anger words in the language, and unfindable from English.",,,,,
bhava,2,ಕಿರಿಕಿರಿ,kirikiri,Annoyed,,,,Onomatopoeia again: the sound of a small grating thing. Kannada builds its minor irritations out of noise.,,,,,
bhava,1,ಬಿಗುಮಾನ,bigumāna,Distant,,,,Stiffness held on purpose: reserve that is also a kind of self-regard. Its opposite is ಸಲಿಗೆ.,ಮೌನವೇ ಆಭರಣ,ವಿಜಯಭಾಸ್ಕರ್ · ಪಿ.ಬಿ.ಎಸ್,ತೂಗುದೀಪ · 1966,0PosS9zq20k,20
bhava,2,ಮುದುಡು,muduḍu,Withdrawn,,,,What a leaf or a touched mimosa does: to fold inward. Exactly right for a person.,,,,,
bhava,2,ಮರಗಟ್ಟು,maragaṭṭu,Numb,,,,ಮರ + ಕಟ್ಟು: to turn to wood. Used for a foot that has gone to sleep and for a grief that has stopped registering.,,,,,
bhava,1,ಟೀಕೆ,ṭīke,Critical,,,,"Physics and statistics, mostly. ಟೀಕೆ is fault-finding; ವಿಮರ್ಶೆ, also in the list, is the honourable kind: literary criticism. Kannada distinguishes the two, English does not.",ಕುರಿಗಳು ಸಾರ್ ಕುರಿಗಳು,,ಕೆ.ಎಸ್. ನಿಸಾರ್ ಅಹಮದ್,CQF6jSS9NSw,
bhava,2,ಅನುಮಾನ,anumāna,Skeptical,,,ಶಂಕೆ|śaṅke|misgiving with fear in it ;; ಸಂಶಯ|saṁśaya|suspicion of a person ;; ಸಂದೇಹ|sandēha|uncertainty about a fact,"Four graded words for doubt. ಶಂಕೆ leans toward fear, ಸಂಶಯ toward suspicion of a person, ಸಂದೇಹ toward uncertainty about a fact.",,,,,
bhava,2,ಉಡಾಫೆ,uḍāphe,Dismissive,,,,"ಉಡಾಫೆ is dismissiveness worn as a style: breezy, unbothered, faintly insulting. ಅಸಡ್ಡೆ and ತಾತ್ಸಾರ are the colder cousins.",,,,,
bhava,0,ಅಸಹ್ಯ,asahya,Disgusted,,,"ಜಿಗುಪ್ಸೆ|jigupse|world-weary revulsion ;; ಜುಗುಪ್ಸೆ|jugupse|the same, other spelling ;; ಹೇಸಿಗೆ|hēsige|filth, loathing ;; ರೋಸು|rōsu|fed up to nausea ;; ವಾಕರಿಕೆ|vākarike|nausea",ಅಸಹ್ಯ literally means 'unbearable': what cannot be borne. Kannada files disgust under endurance rather than under taste.,ಕುರುಡು ಕಾಂಚಾಣ ಕುಣಿಯುತಲಿತ್ತು,ಸಿ. ಅಶ್ವತ್ಥ್,ದ.ರಾ. ಬೇಂದ್ರೆ,HKPetWFxqZM,20
bhava,1,ಒಪ್ಪದಿರು,oppadiru,Disapproving,,,ಅಸಮ್ಮತಿ|asammati|dissent ;; ಮೆಚ್ಚದಿರು|meccadiru|to not approve ;; ಆಕ್ಷೇಪ|ākṣēpa|objection,Kannada's ordinary form here is the plain negative verb: they did not agree.,ಆಚಾರವಿಲ್ಲದ ನಾಲಿಗೆ,ಆರತಿ,ಪುರಂದರದಾಸ · ಉಪಾಸನೆ · 1974,VhSeotVnR08,20
bhava,2,ಕೊಂಕು,koṅku,Judgmental,,,,"The crooked remark: fault-finding delivered sideways, which is how it usually arrives.",,,,,
bhava,2,ಮುಜುಗರ,mujugara,Embarrassed,,,ಸಂಕೋಚ|saṅkōca|shrinking ;; ಇರುಸುಮುರುಸು|irusumurusu|squirming discomfort ;; ಕಸಿವಿಸಿ|kasivisi|small unease,"ಮುಜುಗರ is social awkwardness: the wince at a scene, often on someone else's behalf.",ಬಿಂಕದ ಸಿಂಗಾರಿ,,ಕನ್ಯಾರತ್ನ,URetKS2ebzQ,
bhava,1,ನಿರಾಸೆ,nirāse,Disappointed,,,,"ನಿರಾಸೆ = ನಿರ್ + ಆಸೆ, de-hoped. ಆಶಾಭಂಗ, also offered, is stronger: hope actually broken.",ಕಣ್ಣೀರ ಧಾರೆ ಇದೇತಕೆ,,ಹೊಸ ಬೆಳಕು,K7RXspdkHmc,
bhava,2,ಹೌಹಾರು,hauhāru,Appalled,,,ದಿಗ್ಭ್ರಮೆ|digbhrame|stupefaction ;; ಬೆಚ್ಚಿಬೀಳು|beccibīḷu|to be startled and drop ;; ಗಾಬರಿ|gābari|panic,Onomatopoeic: to recoil bodily on hearing something.,,,,,
bhava,2,ರೋಸು,rōsu,Revolted,,,,ರೋಸಿಹೋಗಿದೆ: fed up to the point of nausea.,ಬಿಟ್ಟಾಕು ಬಿಟ್ಟಾಕು,,ಸೂಪರ್ ಸ್ಟಾರ್,NORO0x0V8oA,
bhava,1,ಘೋರ,ghōra,Awful,,,"ಅಸಹನೀಯ|asahanīya|unbearable ;; ಭೀಕರ|bhīkara|dire ;; ಕೆಟ್ಟ|keṭṭa|bad, of quality or morals",Used for an accident and for a cricket collapse alike.,,,,,
bhava,2,ವಾಕರಿಕೆ,vākarike,Nauseated,,,,"ಹೊಟ್ಟೆ ತೊಳಸು: 'the stomach stirs'. Kannada has a full vocabulary for the gut, and uses it for feelings without apology.",,,,,
bhava,2,ಹೇಸಿಗೆ,hēsige,Detestable,,,ಅಸಹ್ಯ|asahya|disgust ;; ಕೊಳಕು|koḷaku|dirt ;; ಜುಗುಪ್ಸೆ|jugupse|revulsion,ಹೇಸಿಗೆ is also literally filth. The moral and the physical are the same word: no metaphor required.,,,,,
bhava,1,ಜಿಗುಪ್ಸೆ,jigupse,Repelled,,,,"ಜಿಗುಪ್ಸೆ is world-weary revulsion: the disgust that makes people renounce things, not just push a plate away.",ಮಾಡಿ ಮಾಡಿ ಕೆಟ್ಟರು ಮನವಿಲ್ಲದೆ,ಕೂಡಲಸಂಗಮ ದೃಶ್ಯರೂಪಕ,ಬಸವಣ್ಣ · ವಚನ,WouMhm9UMkU,30
bhava,2,ದಿಗಿಲು,digilu,Horrified,,,ಆತಂಕ|ātaṅka|anxiety ;; ತಳಮಳ|taḷamaḷa|churn ;; ಭೀತಿ|bhīti|terror,,ದೆನ್ನಾನ ದೆನ್ನಾನ,ಅನೂಪ್ ಭಂಡಾರಿ,ರಂಗಿತರಂಗ · 2015,oepLylgqSKU,20
bhava,2,ಹಿಂಜರಿಕೆ,hiñjarike,Hesitant,,,,ಹಿಂಜರಿ: to slide backwards. The foot that starts to move and then doesn't.,,,,,
bhava,0,ದುಃಖ,duḥkha,Sad,,,ಶೋಕ|śōka|formal mourning ;; ವ್ಯಥೆ|vyathe|affliction ;; ಸಂಕಟ|saṅkaṭa|the chest closing ;; ಕೊರಗು|koragu|the grief that thins you ;; ವಿಷಾದ|viṣāda|melancholy ;; ಅಳಲು|aḷalu|the wail,"ಅಶುಭ and ಅಮಂಗಳ, inauspicious, sit close to this word: for a large part of Kannada usage a sad event is an unlucky one.",ನೀ ಹೀಂಗ ನೋಡಬ್ಯಾಡ ನನ್ನ,ಸಿ. ಅಶ್ವತ್ಥ್,ದ.ರಾ. ಬೇಂದ್ರೆ,L4f3c63uSkU,45
bhava,1,ಒಂಟಿತನ,oṇṭitana,Lonely,,,"ಏಕಾಂತ|ēkānta|solitude, chosen and good ;; ಒಬ್ಬಂಟಿ|obbaṇṭi|all by oneself ;; ನಿರ್ಜನ|nirjana|deserted","Kannada draws a line English blurs: ಒಂಟಿತನ is loneliness and it hurts; ಏಕಾಂತ is solitude, chosen, and is good for you. Same 'alone', opposite verdicts.",ಸೋಲ್ ಆಫ್ ದಿಯಾ,,ದಿಯಾ,cO4eJxbCedc,
bhava,2,ಏಕಾಂಗಿ,ēkāṅgi,Isolated,,,ಒಂಟಿ|oṇṭi|alone ;; ದಿಕ್ಕಿಲ್ಲದ|dikkillada|without a direction to turn ;; ಅನಾಥ|anātha|without protector,'Single-bodied': cut off with no one on your side.,ಒಂದೇ ಸಮನೆ ನಿಟ್ಟುಸಿರು,,ಗಾಳಿಪಟ,tVWtj9bTomg,
bhava,2,ತಬ್ಬಲಿ,tabbali,Abandoned,,,,"ತಬ್ಬಲಿ means orphan, and it is used far past its literal sense: for anyone left without their people. One of the saddest words in the language. Orphan: used far past its literal sense, for anyone left without their people. One of the saddest words in the language.",ಕಾಣದಂತೆ ಮಾಯವಾದನು,,ಚಲಿಸುವ ಮೋಡಗಳು,_N80F5mJDEk,
bhava,1,ದುರ್ಬಲತೆ,durbalate,Vulnerable,,,,"The clearest gap on the wheel. Every Kannada option means weak, breachable, at risk: all pejorative. The warm English sense of 'vulnerable', where opening up is a strength, has no Kannada word yet; people say ಮನಸ್ಸು ತೆರೆದಿಡುವುದು, 'to keep the mind open', as a description rather than a name.",ಉಸಿರೇ ಉಸಿರೇ,,ಹುಚ್ಚ,Ukk2pr5inBA,
bhava,2,ಬಲಿಪಶು,balipaśu,Victimised,,,,'Sacrificial animal'. Kannada's word for victim comes straight off the altar.,,,,,
bhava,2,ನಾಜೂಕು,nājūku,Fragile,,,,"ನಾಜೂಕು is fragile-and-fine, a compliment about a person's delicacy. ಭಂಗುರ is the philosophical one: that which is destined to break.",ಹೂವು ಚೆಲುವೆಲ್ಲ ನಂದೆಂದಿತು,,ಹಣ್ಣೆಲೆ ಚಿಗುರಿದಾಗ,ZgwLKTqlwbg,
bhava,1,ಹತಾಶೆ,hatāśe,Despair,,,,"ಹತ + ಆಶೆ: hope, killed. The word contains the murder.",ಬಾಳುವಂತ ಹೂವೇ ಬಾಡುವಾಸೆ ಏಕೆ,ಉಪೇಂದ್ರ ಕುಮಾರ್ · ರಾಜಕುಮಾರ್,ಆಕಸ್ಮಿಕ · 1993,BOoWZEhCh8s,40
bhava,2,ಅಳಲು,aḷalu,Grief,,,ಶೋಕ|śōka|mourning ;; ಗೋಳು|gōḷu|wretched crying ;; ರೋದನ|rōdana|lamentation,"The wail itself. Around it: ಶೋಕ is formal mourning, ಸಂಕಟ the chest-squeeze, ಕೊರಗು the grief that thins you over years.",ನೀನೇ ಸಾಕಿದ ಗಿಣಿ,,ಮಾನಸ ಸರೋವರ,ZjNABpeGfwA,
bhava,2,ಕೈಲಾಗದು,kailāgadu,Powerless,,,,The spoken form: 'the hands not managing it'.,ನೀರ ಬಿಟ್ಟು ನೆಲದ ಮೇಲೆ,,ಹೊಂಬಿಸಿಲು,1UKpmhCzNKE,
bhava,1,ಪಾಪಪ್ರಜ್ಞೆ,pāpa-prajñe,Guilty,,,,Sin-consciousness. Kannada's guilt is borrowed either from law or from the temple; it has no private word of its own.,ತಪ್ಪು ಮಾಡದವರು ಯಾರವ್ರೆ,,ಮಠ,WT44SioY3AU,
bhava,2,ನಾಚಿಕೆ,nāchike,Ashamed,,,"ಸಂಕೋಚ|saṅkōca|shrinking, reticence ;; ಮುಜುಗರ|mujugara|awkwardness ;; ಲಜ್ಜೆ|lajje|modesty, shame","ನಾಚಿಕೆ is one word for shyness, modesty and shame: a bride's ನಾಚಿಕೆ and a thief's are the same noun. English needs three words and grades them differently; Kannada trusts context completely.",,,,,
bhava,2,ಪಶ್ಚಾತ್ತಾಪ,paścāttāpa,Remorseful,,,,'After-heat': the burn that arrives once the act is over.,ಎಂದೆಂದೂ ನಿನ್ನನು ಮರೆತು ಬದುಕಿರಲಾರೆ,ರಾಜನ್-ನಾಗೇಂದ್ರ · ಪಿ.ಬಿ.ಎಸ್,ಎರಡು ಕನಸು · 1974,oB01cnveBIU,25
bhava,1,ಖಿನ್ನತೆ,khinnate,Depressed,,,,"The clinical word, and recent. Older Kannada said ಮನಸ್ಸು ಕುಗ್ಗಿದೆ: the mind has shrunk.",ಕಾಣದ ಕಡಲಿಗೆ ಹಂಬಲಿಸಿದೆ ಮನ,ಸಿ. ಅಶ್ವತ್ಥ್,ಜಿ.ಎಸ್. ಶಿವರುದ್ರಪ್ಪ,n66FGCYtWBc,35
bhava,2,ಕುಗ್ಗು,kuggu,Inferior,,,,"The English wheel repeats <i>inferior</i> in two branches. Kannada usefully does not: under fear it is ಕೀಳರಿಮೆ, a belief about your rank; here under sadness it is simply shrinking.",,,,,
bhava,2,ಬರಿದು,baridu,Empty,,,,"ಪೊಳ್ಳು is the sharper cousin: hollow, like a grain with nothing inside it. Used of people who look intact.",,,,,
bhava,1,ನೋವು,nōvu,Hurt,,,"ಬೇನೆ|bēne|ache, ailment ;; ಯಾತನೆ|yātane|torment ;; ಬಾಧೆ|bādhe|affliction","ನೋವು is bodily pain and emotional pain with no distinction at all. 'ಮನಸ್ಸಿಗೆ ನೋವಾಯಿತು', it hurt my mind, is the ordinary way to say you were wounded.",ನೀನಿರದೆ,,ಗೂಗ್ಲಿ,g5O5ufz8w34,
bhava,2,ಆಶಾಭಂಗ,āśābhaṅga,Disappointed,,,,The second 'disappointed' on the wheel. ನಿರಾಸೆ over in ಅಸಹ್ಯ is hope that faded; ಆಶಾಭಂಗ is hope that snapped.,,,,,
bhava,2,ಸಂಕೋಚ,saṅkōca,Embarrassed,,,,"The other 'embarrassed'. ಮುಜುಗರ is the wince at a social scene; ಸಂಕೋಚ is the shrinking-in-on-yourself, the hesitation to ask, to take, to take up room.",ಬಿಂಕದ ಸಿಂಗಾರಿ,,ಕನ್ಯಾರತ್ನ,URetKS2ebzQ,
odalu,wheel,ಒಡಲ ಚಕ್ರ,oḍalu · the body as vessel,Seven seats of the body: not a translation of anything.,ಒಡಲು,,,,,,,,
odalu,0,ಎದೆ,ede,chest,,,,"Nerve and collapse. Kannada puts courage here rather than in the heart, ಕೆಚ್ಚೆದೆ, a chest of embers, and puts the loss of it here too.",ಹೃದಯ ಸಮುದ್ರ ಕಲಕಿ,,ಅಶ್ವಮೇಧ,BxAaThBvMQo,
odalu,1,ಧೈರ್ಯ,dhairya,courage,,,ಕೆಚ್ಚು|keccu|embers-courage ;; ಎದೆಗಾರಿಕೆ|edegārike|nerve ;; ದಿಟ್ಟತನ|diṭṭatana|boldness ;; ಛಲ|chala|resolve,The chest holding.,ಆಗದು ಎಂದು ಕೈಲಾಗದು ಎಂದು,ರಾಜನ್-ನಾಗೇಂದ್ರ · ಪಿ.ಬಿ.ಎಸ್,ಬಂಗಾರದ ಮನುಷ್ಯ · 1972,-Oryie1c-gs,50
odalu,2,ಕೆಚ್ಚೆದೆ,keccede,fierce courage,a chest of embers,,,"ಕೆಚ್ಚು is heat held in the body. The bravery word is thermal, not moral.",ಕನ್ನಡ ನಾಡಿನ ವೀರ ರಮಣಿಯ,,ನಾಗರಹಾವು,ziNXOdlPLLE,
odalu,2,ಎದೆಗಾರಿಕೆ,edegārike,nerve,chest-having,,,"The willingness to stand up and say it: closer to 'having the guts', one organ higher.",ಆಕಾಶವೇ ಬೀಳಲಿ ಮೇಲೆ,,ನ್ಯಾಯವೇ ದೇವರು,9dtaiMx6Rl4,
odalu,1,ಕುಗ್ಗು,kuggu,losing heart,,,,"The English wheel repeats <i>inferior</i> in two branches. Kannada usefully does not: under fear it is ಕೀಳರಿಮೆ, a belief about your rank; here under sadness it is simply shrinking.",ಕಾಣದ ಕಡಲಿಗೆ ಹಂಬಲಿಸಿದೆ ಮನ,ಸಿ. ಅಶ್ವತ್ಥ್,ಜಿ.ಎಸ್. ಶಿವರುದ್ರಪ್ಪ,n66FGCYtWBc,35
odalu,2,ಎದೆಗುಂದು,edegundu,dismay,the chest sinks,,,The standard word. Kannada names the physical drop and leaves the feeling to be inferred.,ಬಾನ ದಾರಿಯಲ್ಲಿ ಸೂರ್ಯ ಜಾರಿ ಹೋದ,,ಭಾಗ್ಯದ ಲಕ್ಷ್ಮಿ ಬಾರಮ್ಮ,keMpTLBzX50,
odalu,2,ಎದೆ ಒಡೆ,ede oḍe,devastation,the chest breaks,,,Reserved for news that arrives all at once. English 'heartbreak' drifted toward romance; this did not.,ನೀನೇ ಸಾಕಿದ ಗಿಣಿ,,ಮಾನಸ ಸರೋವರ,ZjNABpeGfwA,
odalu,1,ದಿಗಿಲು,digilu,dread,,,ಆತಂಕ|ātaṅka|anxiety ;; ತಳಮಳ|taḷamaḷa|churn ;; ಭೀತಿ|bhīti|terror,The chest reacting before you do.,ದೆನ್ನಾನ ದೆನ್ನಾನ,ಅನೂಪ್ ಭಂಡಾರಿ,ರಂಗಿತರಂಗ · 2015,oepLylgqSKU,20
odalu,2,ಎದೆ ಡವಡವ,ede ḍavaḍava,thudding fear,the chest goes thud-thud,,,Anticipatory: the fear of a thing you can see coming.,ಕರ್ಮ ಥೀಮ್,,ಯು ಟರ್ನ್,MSW9ZhgAM2Y,
odalu,2,ಎದೆ ಝಲ್,ede jhal,the jolt of alarm,"the chest goes cold, once",,,"A single event, not a state. There is no English noun for the one jolt.",ರಾ ರಾ ಸರಸಕು,ಗುರುಕಿರಣ್ · ರಾಜೇಶ್ ನಂದಿತಾ,ಆಪ್ತಮಿತ್ರ · 2004,ReeQgwpRO88,30
odalu,1,ಹೆಮ್ಮೆ,hemme,pride,,,"ಅಭಿಮಾನ|abhimāna|pride as loyalty ;; ಗರ್ವ|garva|pride, tipping toward vanity ;; ಅಹಂಕಾರ|ahaṅkāra|the pride that has gone bad ;; ಗತ್ತು|gattu|swagger",The chest filling.,ಹುಟ್ಟಿದರೆ ಕನ್ನಡ ನಾಡಲ್ಲಿ ಹುಟ್ಟಬೇಕು,ಹಂಸಲೇಖ · ರಾಜಕುಮಾರ್,ಆಕಸ್ಮಿಕ · 1993,dSqQkqqq8fM,35
odalu,2,ಎದೆ ತುಂಬು,ede tumbu,pride on someone's behalf,the chest fills,,,Said watching someone you raised do well. Not self-pride: English needs a whole clause.,ನಾವಾಡುವ ನುಡಿಯೇ ಕನ್ನಡ ನುಡಿ,,ಗಂಧದ ಗುಡಿ,R3ogWZ_VBx0,
odalu,2,ಎದೆಯುಬ್ಬು,edeyubbu,swelling pride,the chest swells,,,"One degree louder, and faintly comic if you use it about yourself.",ಹಚ್ಚೇವು ಕನ್ನಡದ ದೀಪ,,ಕನ್ನಡ ಗೀತೆ,BqHtPNjmwD0,
odalu,1,ಸಂಕಟ,saṅkaṭa,anguish,,,ತಳಮಳ|taḷamaḷa|churn ;; ಒದ್ದಾಟ|oddāṭa|thrashing about ;; ಪರದಾಟ|paradāṭa|floundering,The chest closing.,ನೀ ಹೀಂಗ ನೋಡಬ್ಯಾಡ ನನ್ನ,ಸಿ. ಅಶ್ವತ್ಥ್,ದ.ರಾ. ಬೇಂದ್ರೆ,L4f3c63uSkU,45
odalu,2,ಎದೆ ಭಾರ,ede bhāra,the weight before weeping,the chest is heavy,,,"The state just before tears, named as a load rather than a mood.",ಒಂದೇ ಸಮನೆ ನಿಟ್ಟುಸಿರು,,ಗಾಳಿಪಟ,tVWtj9bTomg,
odalu,2,ಉಸಿರುಗಟ್ಟು,usirugaṭṭu,suffocation,the breath is blocked,,,"Used for a room, a marriage and a job. Nobody hears it as metaphor.",ಉಸಿರೇ ಉಸಿರೇ,,ಹುಚ್ಚ,Ukk2pr5inBA,
odalu,0,ಹೊಟ್ಟೆ,hoṭṭe,belly,,,,"Appetite and envy. Kannada is unembarrassed about siting the ugly feelings in the stomach, and says them out loud.",ಬೊಂಡ ನಾ ಬಜ್ಜಿ ನಾ,,ಕೋತಿಗಳು ಸಾರ್ ಕೋತಿಗಳು,63rWWFGLMMQ,
odalu,1,ಹೊಟ್ಟೆಕಿಚ್ಚು,hoṭṭe-kiccu,envy,,,"ಅಸೂಯೆ|asūye|envy ;; ಮಾತ್ಸರ್ಯ|mātsarya|envious rivalry ;; ಕರುಬು|karubu|to begrudge, to smoulder ;; ಹೊಟ್ಟೆಯುರಿ|hoṭṭeyuri|the burn of being wronged","Belly-fire. Envy located precisely in the stomach, and said out loud: everyone knows which organ is burning.",ಕದ್ದಳು ಮನಸನ್ನ,,ಮುಸಂಜೆ ಮಾತು,5S-lUl1TpdI,
odalu,2,ಅಸೂಯೆ,asūye,"envy, formally",,,,"Envy named directly, without the belly. Used in writing and in speech alike.",,,,,
odalu,2,ಕರುಬು,karubu,to begrudge,to smoulder,,,Native verb. The low-grade continuous version of the same fire.,,,,,
odalu,1,ಹೊಟ್ಟೆಯುರಿ,hoṭṭeyuri,burning resentment,,,,"Distinct from envy: the heat of having been wronged, not of wanting what another has.",ಜಗವೇ ಒಂದು ರಣರಂಗ,ಹಂಸಲೇಖ · ಶಿವರಾಜ್‌ಕುಮಾರ್,ರಣರಂಗ · 1988,MpzlmO8OLH8,25
odalu,2,ಅಸಮಾಧಾನ,asamādhāna,discontent,,,,'Un-settledness': a grievance nobody talked down.,ಯಾರೇ ಕೂಗಾಡಲಿ ಊರೇ ಹೋರಾಡಲಿ,ಜಿ.ಕೆ. ವೆಂಕಟೇಶ್ · ರಾಜಕುಮಾರ್,ಸಂಪತ್ತಿಗೆ ಸವಾಲ್ · 1974,3VkLPCrDB6c,20
odalu,2,ಸೇಡು,sēḍu,revenge,,,,"ಸೇಡು ತೀರಿಸಿಕೊಳ್ಳು, to settle it, treats revenge as a debt.",ಸುಲ್ತಾನ,ರವಿ ಬಸ್ರೂರು,ಕೆ.ಜಿ.ಎಫ್ ೨ · 2022,kwa9JRcqKeE,30
odalu,1,ತೃಪ್ತಿ,tṛpti,satiety,,,ಸಂತೃಪ್ತಿ|santṛpti|full satisfaction ;; ತಣಿವು|taṇivu|slaked ;; ಸಮಾಧಾನ|samādhāna|settledness,The belly at rest.,ಆದದ್ದೆಲ್ಲ ಒಳಿತೇ ಆಯಿತು,,ಪುರಂದರದಾಸರ ಪದ,duJPkITAj6Q,
odalu,2,ಹೊಟ್ಟೆ ತುಂಬು,hoṭṭe tumbu,enough,the belly is full,,,Used far past food: a full belly is the standard image for having had sufficient of anything.,ಸಂತೋಷಕ್ಕೆ ಹಾಡು ಸಂತೋಷಕ್ಕೆ,,ಗೀತಾ,neLfupVwObI,
odalu,2,ತಣಿವು,taṇivu,slaked,cooling,,,Satisfaction as cooling rather than filling: the other half of how Kannada thinks about want.,ಹಾಯಾಗಿದೆ ದಿನ ಮನ,,ತಾಯಿ ದೇವರು,p-V14XUHV_0,
odalu,1,ದುರಾಸೆ,durāse,greed,,,,ಆಸೆ is desire and is morally neutral; the prefix does all the work.,ಕುರುಡು ಕಾಂಚಾಣ ಕುಣಿಯುತಲಿತ್ತು,ಸಿ. ಅಶ್ವತ್ಥ್,ದ.ರಾ. ಬೇಂದ್ರೆ,HKPetWFxqZM,20
odalu,2,ಹೊಟ್ಟೆಬಾಕ,hoṭṭe-bāka,glutton,belly-eater,,,An insult about appetite that transfers cleanly to money and power.,,,,,
odalu,2,ಆಸೆಬುರುಕ,āseburuka,grasping,full of wanting,,,The -ಬುರುಕ suffix makes any noun into a person overfull of it.,ಒಂದೇ ಒಂದು ಆಸೆಯು,,ಚಿತ್ರಗೀತೆ,gXE3KK0mOeI,
odalu,1,ವಾಕರಿಕೆ,vākarike,revulsion,,,,The belly rejecting.,ಆಚಾರವಿಲ್ಲದ ನಾಲಿಗೆ,ಆರತಿ,ಪುರಂದರದಾಸ · ಉಪಾಸನೆ · 1974,VhSeotVnR08,20
odalu,2,ಹೊಟ್ಟೆ ತೊಳಸು,hoṭṭe toḷasu,the stomach stirs,the stomach is stirred,,,"Moral disgust and physical nausea in one phrase, with no marker between them.",ಮಾಡಿ ಮಾಡಿ ಕೆಟ್ಟರು ಮನವಿಲ್ಲದೆ,ಕೂಡಲಸಂಗಮ ದೃಶ್ಯರೂಪಕ,ಬಸವಣ್ಣ · ವಚನ,WouMhm9UMkU,30
odalu,2,ಹೇಸಿಗೆ,hēsige,loathing,filth,,ಅಸಹ್ಯ|asahya|disgust ;; ಕೊಳಕು|koḷaku|dirt ;; ಜುಗುಪ್ಸೆ|jugupse|revulsion,The moral and the physical are the same word.,,,,,
odalu,0,ಕರುಳು,karuḷu,gut,,,,"The most untranslatable seat. In Kannada the gut is the organ of kinship, your child is your ಕರುಳ ಬಳ್ಳಿ, your gut-vine, so every feeling sited here is about your own people.",ಕರುಣಾಳು ಬಾ ಬೆಳಕೆ,ಮೈಸೂರು ಅನಂತಸ್ವಾಮಿ · ಬಿ.ಆರ್. ಛಾಯಾ,ಬಿ.ಎಂ. ಶ್ರೀಕಂಠಯ್ಯ,giYhVJBhKXU,30
odalu,1,ಕನಿಕರ,kanikara,compassion,,,"ಅನುಕಂಪ|anukampa|fellow-feeling ;; ಮರುಕ|maruka|pity, ruth ;; ಕರುಣೆ|karuṇe|mercy ;; ದಯೆ|daye|kindness",What the gut does when it sees suffering.,ಬ್ರಹ್ಮ ವಿಷ್ಣು ಶಿವ ಎದೆ ಹಾಲು ಕುಡಿದರೋ,,ಎಕ್ಸ್‌ಕ್ಯೂಸ್ ಮಿ,klZyF45XGgQ,
odalu,2,ಕರುಳು ಚುರುಕ್,karuḷu curuk,the pang of pity,the gut stings,,,"Involuntary, on seeing a child or an animal in distress. Pity is a judgement; this is a reflex.",ಅಲ್ಲೊಂದು ಲೋಕ ಉಂಟು,,ತಾಯಿಯ ಮಡಿಲಲ್ಲಿ,CD7JzFAOGbU,
odalu,2,ಮರುಕ,maruka,"pity, ruth",turning back toward,,,'Turning back toward': pity as the movement of turning to look again at someone.,ಜಗದೋದ್ಧಾರನ,,ಪುರಂದರದಾಸರ ಪದ,P-Z90NNbD6U,
odalu,1,ಮರುಗು,maragu,grieving for another,,,,ಮರುಗು is a native verb with no exact English partner: to ache on someone else's account. The gut under strain.,ನೀನೇ ಸಾಕಿದ ಗಿಣಿ,,ಮಾನಸ ಸರೋವರ,ZjNABpeGfwA,
odalu,2,ಕರುಳು ಹಿಂಡು,karuḷu hiṇḍu,wrung with pity,the gut is wrung,,,The image is wringing a wet cloth. Used for watching suffering you cannot stop.,ಕಣ್ಣೀರ ಧಾರೆ ಇದೇತಕೆ,,ಹೊಸ ಬೆಳಕು,K7RXspdkHmc,
odalu,2,ತಳಮಳ,taḷamaḷa,churn,,,,The word for boiling liquid and for a mind that will not settle.,ಈ ಸಂಜೆ ಯಾಕಾಗಿದೆ,ಮನೋಮೂರ್ತಿ · ಸೋನು ನಿಗಮ್,ಗೆಳೆಯ · 2007,-1TEJkzEgYc,40
odalu,1,ಅಗಲಿಕೆ,agalike,"loss, parting",,,,The gut torn.,ಯಾವ ಮೋಹನ ಮುರಳಿ ಕರೆಯಿತು,ಸಿ. ಅಶ್ವತ್ಥ್,ಗೋಪಾಲಕೃಷ್ಣ ಅಡಿಗ · ಅಮೆರಿಕ ಅಮೆರಿಕ,iaNgco2oRUs,35
odalu,2,ಕರುಳು ಕಿತ್ತು ಬರು,karuḷu kittu baru,losing your own,the gut tears loose,,,Kept for the death of a child or parent. Using it lightly would be shocking.,ಬಾಳುವಂತ ಹೂವೇ ಬಾಡುವಾಸೆ ಏಕೆ,ಉಪೇಂದ್ರ ಕುಮಾರ್ · ರಾಜಕುಮಾರ್,ಆಕಸ್ಮಿಕ · 1993,BOoWZEhCh8s,40
odalu,2,ಉಮ್ಮಳ,ummaḷa,grief welling up,a swelling from below,,,"Names the swell, not the weeping.",ನಮ್ಮೂರ ಮಂದಾರ ಹೂವೇ,,ಆಲೆಮನೆ,ySRGK6PVz3Q,
odalu,1,ಮಮತೆ,mamate,attachment-love,,,,The gut as a tie.,ಕೃಷ್ಣ ನೀ ಬೇಗನೆ ಬಾರೋ,,ವ್ಯಾಸತೀರ್ಥರ ಪದ,FyyBu8WyX3A,
odalu,2,ಕರುಳ ಬಳ್ಳಿ,karuḷa baḷḷi,one's own child,the gut-vine,,,The umbilical cord as a creeper. English has no everyday phrase saying kinship is physical.,,,,,
odalu,2,ವಾತ್ಸಲ್ಯ,vātsalya,downward tenderness,the feeling toward a calf,,ಮಮತೆ|mamate|attachment-love ;; ಅಕ್ಕರೆ|akkare|fondness ;; ಕಕ್ಕುಲತೆ|kakkulate|anxious tenderness,Flows one way only: elder to younger. English 'love' has no direction; this word is nothing but direction.,ಬಾನ ದಾರಿಯಲ್ಲಿ ಸೂರ್ಯ ಜಾರಿ ಹೋದ,,ಭಾಗ್ಯದ ಲಕ್ಷ್ಮಿ ಬಾರಮ್ಮ,keMpTLBzX50,
odalu,0,ಮನಸ್ಸು,manassu,mind,,,,"The general seat, and the only one that is not an organ you could point to. Everything a body does, the ಮನಸ್ಸು does: it fills, shrinks, lightens, opens.",ಕಾಣದ ಕಡಲಿಗೆ ಹಂಬಲಿಸಿದೆ ಮನ,ಸಿ. ಅಶ್ವತ್ಥ್,ಜಿ.ಎಸ್. ಶಿವರುದ್ರಪ್ಪ,n66FGCYtWBc,35
odalu,1,ನೋವು,nōvu,hurt,,,"ಬೇನೆ|bēne|ache, ailment ;; ಯಾತನೆ|yātane|torment ;; ಬಾಧೆ|bādhe|affliction",ನೋವು is bodily and emotional pain with no distinction at all.,ನೀನಿರದೆ,,ಗೂಗ್ಲಿ,g5O5ufz8w34,
odalu,2,ಮನಸ್ಸಿಗೆ ನೋವು,manassige nōvu,being wounded,pain to the mind,,,The ordinary way to say someone hurt you.,ಮಳೆ ನಿಂತು ಹೋದ ಮೇಲೆ,,ಮಿಲನ,P5-vLnColQc,
odalu,2,ಮನಸ್ತಾಪ,manastāpa,a falling-out,mind-heat,,,"Between two people who were close. Not anger, not grief: the cooled residue that keeps them apart.",ಮರೆಯದೆ ಕ್ಷಮಿಸು,,ಕನ್ನಡ ಚಿತ್ರಗೀತೆ,rPds_vgFFIw,
odalu,1,ಖಿನ್ನತೆ,khinnate,lowness,,,,"The clinical word, and recent. Older Kannada said ಮನಸ್ಸು ಕುಗ್ಗಿದೆ: the mind has shrunk.",ಒಂದೇ ಸಮನೆ ನಿಟ್ಟುಸಿರು,,ಗಾಳಿಪಟ,tVWtj9bTomg,
odalu,2,ಮನಸ್ಸು ಕುಗ್ಗು,manassu kuggu,the mind shrinks,the mind shrinks down,,,"What Kannada said before ಖಿನ್ನತೆ was coined. A description, where the new word is a diagnosis.",ಕಣ್ಣೀರ ಧಾರೆ ಇದೇತಕೆ,,ಹೊಸ ಬೆಳಕು,K7RXspdkHmc,
odalu,2,ಬೇಸರ,bēsara,weary discontent,,,"ಬೇಜಾರು|bējāru|fed up, the same word one register down ;; ಸಪ್ಪೆ|sappe|flat, unsalted ;; ಜಡ|jaḍa|inert","One word for bored, mildly sad and fed up. 'ಬೇಸರಾಗಿದೆ' could be any of the three.",ಲೈಫು ಇಷ್ಟೇನೆ,ಮನೋಮೂರ್ತಿ,ಪಂಚರಂಗಿ · 2010,OurLEFrIHDo,30
odalu,1,ತೆರೆದುಕೊಳ್ಳು,teredukoḷḷu,opening up,,,,"The nearest Kannada gets to the therapeutic sense of vulnerable: and it is an act, not a state.",ಕಿವಿ ಮಾತೊಂದು ಹೇಳಲೇನು,,ಮಿಲನ,Ei_syfExf6Q,
odalu,2,ಮನಸ್ಸು ಬಿಚ್ಚು,manassu biccu,to unfold the mind,to untie the mind,,,The same verb as untying a knot or opening a parcel.,ನಿನ್ನ ಪ್ರೇಮದ ಪರಿಯ,,ಭಾವಗೀತೆ,kfkWSM_4Lm8,
odalu,2,ಸಲಿಗೆ,salige,earned informality,,,"ಆತ್ಮೀಯತೆ|ātmīyate|closeness ;; ಅನ್ಯೋನ್ಯ|anyōnya|mutual, easy with each other ;; ನಿಕಟ|nikaṭa|near","The licence to tease someone, eat off their plate, drop the honorific. Intimacy defined as permission.",ಜೊತೆಯಲಿ ಜೊತೆ ಜೊತೆಯಲಿ,ಇಳಯರಾಜ · ಎಸ್.ಪಿ.ಬಿ,ಗೀತಾ · 1981,8HbwsAOfoRY,25
odalu,1,ಕರಗು,karagu,being moved,,,,The mind melting: Kannada's standard image for being touched.,ಹೂವೊಂದು ಬಳಿ ಬಂದು,,ಶುಭಮಂಗಳ,zktS22U4nwQ,
odalu,2,ಮನ ಮುಟ್ಟು,mana muṭṭu,it touched me,it touched the mind,,,"The agent is the thing, not you. A song ಮನ ಮುಟ್ಟುತ್ತದೆ.",ಎದೆ ತುಂಬಿ ಹಾಡಿದೆನು,,ಭಾವಗೀತೆ,H-99yoLymF8,
odalu,2,ಮೆಚ್ಚುಗೆ,meccuge,admiration,,,ಪ್ರಶಂಸೆ|praśaṁse|praise ;; ಒಲವು|olavu|leaning toward ;; ಇಷ್ಟ|iṣṭa|liking,Both the feeling and its expression: to ಮೆಚ್ಚು silently is incomplete.,ನಿನ್ನಿಂದಲೇ ನಿನ್ನಿಂದಲೇ,,ಮಿಲನ,-xmRjO2G05c,
odalu,1,ನೆಮ್ಮದಿ,nemmadi,peace of mind,,,"ಶಾಂತಿ|śānti|peace, as the absence of conflict ;; ಸಮಾಧಾನ|samādhāna|being consoled ;; ನಿರಾಳ|nirāḷa|unclenched","Sharply distinct from ಶಾಂತಿ, peace as the absence of conflict.",ತಂಬೂರಿ ಮೀಟಿದವ,ಕುಲದೀಪ್ ಎಂ. ಪೈ,ಪುರಂದರದಾಸ,uCCaFqRoihQ,30
odalu,2,ಮನಸ್ಸು ಹಗುರ,manassu hagura,relief,the mind is light,,,Specifically after confessing or weeping. Relief as a change in weight.,ಸಿಹಿಗಾಳಿ ಸಿಹಿಗಾಳಿ,,ಆ ದಿನಗಳು,lmn-SUQ4NlI,
odalu,2,ಸಮಾಧಾನ,samādhāna,being consoled,a settling,,ಸಂತೈಕೆ|santaike|consoling ;; ನೆಮ್ಮದಿ|nemmadi|peace of mind ;; ತಣ್ಣಗಾಗು|taṇṇagāgu|to cool down,Both the comfort someone gives you and the state it produces.,ಬಾಳೊಂದು ಭಾವಗೀತೆ,,ನಕ್ಕರೆ ಅದೇ ಸ್ವರ್ಗ,d1xlctKpyT0,
odalu,1,ಒಪ್ಪಿಗೆ,oppige,assent,,,,"Kannada distinguishes agreeing out loud from your ಮನಸ್ಸು having agreed, and gives you the phrase to say so.",ಒಂದೇ ಉಸಿರಂತೆ,,ಸ್ನೇಹಲೋಕ,XyjPmxlzaPY,
odalu,2,ಮನಸ್ಸು ಒಪ್ಪು,manassu oppu,felt consent,the mind agrees,,,"You can say yes without this having happened, and everyone knows it.",ಒಲವಿನ ಉಡುಗೊರೆ ಕೊಡಲೇನು,ಎಂ. ರಂಗರಾವ್,ಒಲವಿನ ಉಡುಗೊರೆ · 1987,19r6J7zYjcA,20
odalu,2,ಮನಃಪೂರ್ವಕ,manaḥpūrvaka,wholeheartedly,mind-first,,,The adverb you attach to a thank-you to mean you meant it.,ನಂಬಿದೆ ನಿನ್ನ ನಾದದೇವತೆಯೇ,,ಸಂಧ್ಯಾರಾಗ,1XIdzVRWveI,
odalu,0,ತಲೆ,tale,head,,,,"Worry and standing. The head overheats, spoils and spins: and it is also the thing you raise or lower in front of other people.",ಯಾರೋ ನಾನು,,ಕನ್ನಡ ಚಿತ್ರಗೀತೆ,uvMAUAKivio,
odalu,1,ಚಿಂತೆ,cinte,worry,,,"ಯೋಚನೆ|yōcane|thinking it over ;; ಕಾಳಜಿ|kāḷaji|care, concern ;; ತಲೆಬಿಸಿ|talebisi|head-heat",ಚಿಂತೆ is also simply 'thought'. To worry and to think are the same word.,ಚಿಂತೆ ಯಾಕೆ ಮಾಡುತಿದ್ದೀ,,ದಾಸರ ಪದ,4a3hpsPdJsQ,
odalu,2,ತಲೆಬಿಸಿ,talebisi,worry as overheating,head-heat,,,You can tell someone not to take ತಲೆಬಿಸಿ the way you would tell them to cool down.,ಯಾರಿಗೆ ಹೇಳೋಣ ನಮ್ಮ ಪ್ರಾಬ್ಲಮ್ಮು,ಮನೋಮೂರ್ತಿ,ಲೈಫು ಇಷ್ಟೇನೆ · 2011,f86MjXLG6js,25
odalu,2,ಯೋಚನೆ,yōcane,thinking it over,,,,Neutral by itself; 'ಯೋಚನೆ ಮಾಡಬೇಡ' means stop worrying.,ಎಲ್ಲೋ ಹುಡುಕಿದೆ ಇಲ್ಲದ ದೇವರ,ಸಿ. ಅಶ್ವತ್ಥ್,ಜಿ.ಎಸ್. ಶಿವರುದ್ರಪ್ಪ,qBAoqZOSMpM,25
odalu,1,ಗೊಂದಲ,gondala,confusion,,,"ಕಕ್ಕಾಬಿಕ್ಕಿ|kakkābikki|flustered ;; ತಬ್ಬಿಬ್ಬು|tabbibbu|thrown, at a loss ;; ಗಲಿಬಿಲಿ|galibili|muddle",Also the word for a noisy crowd: confusion as too many voices at once.,ಹೇಳು ಶಿವ,,ಲೂಸಿಯಾ,udlrKIs0b-o,
odalu,2,ತಲೆಕೆಡು,talekeḍu,driven out of your mind,the head spoils,,,"Same verb as milk going off. Covers exam season and genuine breakdown, with tone doing the work.",ಬಿಟ್ಟಾಕು ಬಿಟ್ಟಾಕು,,ಸೂಪರ್ ಸ್ಟಾರ್,NORO0x0V8oA,
odalu,2,ಕಕ್ಕಾಬಿಕ್ಕಿ,kakkābikki,flustered,,,,A sound-word with no parts that mean anything alone: the flap of not knowing what to do with your hands.,ಆಕಾಶದಿಂದ ಜಾರಿ,,ಜನ್ಮ ಜನ್ಮದ ಅನುಬಂಧ,AOk3QT8N74g,
odalu,1,ಹೈರಾಣ,hairāṇa,worn out,,,,Overwhelm as depletion rather than dread.,ಖಾಲಿ ಖಾಲಿ,,ಕನ್ನಡ ಚಿತ್ರಗೀತೆ,ypvvqIvrPHY,
odalu,2,ತಲೆ ಸುತ್ತು,tale suttu,can't take any more,the head spins,,,Physical dizziness and being overwhelmed share the phrase entirely.,ಚುಟು ಚುಟು,,ರಾಂಬೊ 2,mK9C6wViwn4,
odalu,2,ದಣಿವು,daṇivu,tiredness,,,ಆಯಾಸ|āyāsa|fatigue ;; ಬಳಲಿಕೆ|baḷalike|exhaustion ;; ಸುಸ್ತು|sustu|done in,"The native word, used of a body and of a day alike.",ಆಡಿಸಿದಾತ ಬೇಸರ ಮೂಡಿ,,ಕಸ್ತೂರಿ ನಿವಾಸ,nszeqsxnK_g,
odalu,1,ಮರ್ಯಾದೆ,maryāde,"standing, face",,,,One of the most-used words in Kannada. Self-respect described entirely as a posture held in public.,ಕನ್ನಡ ನಾಡಿನ ವೀರ ರಮಣಿಯ,,ನಾಗರಹಾವು,ziNXOdlPLLE,
odalu,2,ತಲೆ ಎತ್ತು,tale ettu,dignity,to raise the head,,,Dignity described as a posture: the head carried level in front of other people.,ಆಕಾಶವೇ ಬೀಳಲಿ ಮೇಲೆ,,ನ್ಯಾಯವೇ ದೇವರು,9dtaiMx6Rl4,
odalu,2,ತಲೆತಗ್ಗಿಸು,taletaggisu,shame,to lower the head,,,The same axis in the other direction. Kannada's shame is visible before it is internal.,ಬಿಂಕದ ಸಿಂಗಾರಿ,,ಕನ್ಯಾರತ್ನ,URetKS2ebzQ,
odalu,0,ಮೈ,mai,body,,,,"The surface. Everything here is involuntary and visible: the hair standing up, the burn, the forgetting of the body altogether.",ಸಿಂಗಾರ ಸಿರಿಯೇ,,ಕಾಂತಾರ,3XShkcOze3s,
odalu,1,ಪುಳಕ,puḷaka,thrill,,,,"Classical poetics counts it as visible evidence of an inner state, which is why it has its own noun.",ತುಂತುರು ಅಲ್ಲಿ ನೀರ ಹಾಡು,ಹಂಸಲೇಖ,ಅಮೃತವರ್ಷಿಣಿ · 1997,e5byqxOkzRw,40
odalu,2,ಮೈ ಝುಮ್,mai jhum,the thrill of music,the body tingles,,,"Specifically aesthetic. You would say it about a raga, rarely about good news.",ಘಟ್ಟದ ಇಳಿದು,,ಉಳಿದವರು ಕಂಡಂತೆ,1VwZ1tnDZbs,
odalu,2,ರೋಮಾಂಚ,rōmāñca,horripilation,hair-motion,,,The Sanskrit register of exactly the same event.,ವರಾಹ ರೂಪಂ,ಅಜನೀಶ್ ಲೋಕನಾಥ್,ಕಾಂತಾರ · 2022,gH_RYRwVrVM,30
odalu,1,ನಡುಕ,naḍuka,the body's alarm,,,,The skin knowing before the mind does. Kannada names the tremble and lets the fear be inferred.,ದೆನ್ನಾನ ದೆನ್ನಾನ,ಅನೂಪ್ ಭಂಡಾರಿ,ರಂಗಿತರಂಗ · 2015,oepLylgqSKU,20
odalu,2,ಮೈ ನವಿರೇಳು,mai navirēḷu,awe or dread,the fine hair stands,,,Which of the two it is comes from context alone. Kannada declines to separate the physiology.,ರಾ ರಾ ಸರಸಕು,ಗುರುಕಿರಣ್ · ರಾಜೇಶ್ ನಂದಿತಾ,ಆಪ್ತಮಿತ್ರ · 2004,ReeQgwpRO88,30
odalu,2,ಬೆವರು,bevaru,sweat,,,,"'ಬೆವರಿಬಿಟ್ಟೆ', I broke into a sweat, is a complete statement about fear.",ತಗರು ಬಂತು ತಗರು,ಚರಣ್ ರಾಜ್,ತಗರು · 2018,V3-Fd8wPuRA,20
odalu,1,ಉರಿ,uri,burning,,,,The point at which anger stops being an opinion.,ಯಾರಿಗೆ ಬಂತು ಎಲ್ಲಿಗೆ ಬಂತು ನಲವತ್ತೇಳರ ಸ್ವಾತಂತ್ರ್ಯ,ಪಿಚ್ಚಳ್ಳಿ ಶ್ರೀನಿವಾಸ್,ಸಿದ್ದಲಿಂಗಯ್ಯ,s90VmReOoco,15
odalu,2,ಮೈ ಉರಿ,mai uri,rage gone physical,the body burns,,,Also literally a fever or a rash: the phrase does not choose.,ಸುಲ್ತಾನ,ರವಿ ಬಸ್ರೂರು,ಕೆ.ಜಿ.ಎಫ್ ೨ · 2022,kwa9JRcqKeE,30
odalu,2,ಸಿಡುಕು,siḍuku,worn-in irritability,,,,"Not an episode but a temperament, and one you wear on your face.",ಬಿಟ್ಟಾಕು ಬಿಟ್ಟಾಕು,,ಸೂಪರ್ ಸ್ಟಾರ್,NORO0x0V8oA,
odalu,1,ಮೈಮರೆವು,maimarevu,absorption,,,,The body forgotten: the highest praise available for listening to music.,ನಾದಮಯ ಈ ಲೋಕವೆಲ್ಲಾ,ಉಪೇಂದ್ರ ಕುಮಾರ್ · ರಾಜಕುಮಾರ್,ಜೀವನ ಚೈತ್ರ · 1992,EkPOkT_a2U0,60
odalu,2,ಮೈ ಮರೆ,mai mare,lost in it,to forget the body,,,Also what you say about someone who missed their stop.,ಅನಿಸುತಿದೆ ಯಾಕೋ ಇಂದು,ಮನೋಮೂರ್ತಿ · ಸೋನು ನಿಗಮ್,ಮುಂಗಾರು ಮಳೆ · 2006,nlsLKA6hlVQ,35
odalu,2,ಭಾವಪರವಶ,bhāva-paravaśa,carried away,subject to the feeling,,,ಪರವಶ means under another's control. The grammar says the feeling is driving.,ಮರಳಿ ಮನಸಾಗಿದೆ,,ಜೆಂಟಲ್‌ಮನ್,01uRBlLAjFg,
odalu,0,ಮುಖ,mukha,face,,,,The public instrument. These are the feelings other people read off you whether or not you meant them to: which is why the sulk lives here and not in ಕೋಪ.,ನಗುವ ನಯನ ಮಧುರ ಮೌನ,ಇಳಯರಾಜ · ಎಸ್.ಪಿ.ಬಿ,ಪಲ್ಲವಿ ಅನುಪಲ್ಲವಿ · 1983,AJSeaFthdeE,30
odalu,1,ಮುನಿಸು,munisu,the loving sulk,,,ಸೆಡವು|seḍavu|a huff ;; ಕೋಪ|kōpa|anger ;; ಬಿಗುಮಾನ|bigumāna|held stiffness,"The anger you are only entitled to with someone who loves you. It wants soothing, not resolution, and would be insulted by an apology that was merely correct.",ಸೂರ್ಯಂಗೂ ಚಂದ್ರಂಗೂ,,ಶುಭಮಂಗಳ,f3vfrCf6jEI,
odalu,2,ಮುಖ ಊದಿಸು,mukha ūdisu,sulking,to puff the face,,,Described as something you actively do to your own face. The performance is the point.,ಅಂತಿಂಥ ಹೆಣ್ಣು ನೀನಲ್ಲ,,ಸಂಪತ್ತಿಗೆ ಸವಾಲ್,TGk76BRcu7M,
odalu,2,ಸೆಡವು,seḍavu,a huff,,,,"Native, and shorter-lived than ಮುನಿಸು: an afternoon rather than a week.",ಪ್ಯಾರ್ಗೆ ಆಗ್ಬಿಟ್ಟೈತೆ,,ಗೋವಿಂದಾಯ ನಮಃ,eccBCKBmJr0,
odalu,1,ಸಪ್ಪೆ,sappe,flatness,,,,ಸಪ್ಪೆ is what you call unsalted food. A dejected face is described as under-seasoned.,ಲೈಫು ಇಷ್ಟೇನೆ,ಮನೋಮೂರ್ತಿ,ಪಂಚರಂಗಿ · 2010,OurLEFrIHDo,30
odalu,2,ಮುಖ ಕಪ್ಪಿಡು,mukha kappiḍu,crestfallen,the face darkens,,,The visible fall when someone hears they were left out.,ಕಣ್ಣೀರ ಧಾರೆ ಇದೇತಕೆ,,ಹೊಸ ಬೆಳಕು,K7RXspdkHmc,
odalu,2,ಸಪ್ಪೆ ಮೋರೆ,sappe mōre,a long face,an insipid face,,,"ಮೋರೆ is the blunt, slightly rude word for a face.",ಒಂದೇ ಸಮನೆ ನಿಟ್ಟುಸಿರು,,ಗಾಳಿಪಟ,tVWtj9bTomg,
odalu,1,ಅಳು,aḷu,weeping,,,,The plainest native verb. The eye as the place the mind overflows.,ನೀ ಹೀಂಗ ನೋಡಬ್ಯಾಡ ನನ್ನ,ಸಿ. ಅಶ್ವತ್ಥ್,ದ.ರಾ. ಬೇಂದ್ರೆ,L4f3c63uSkU,45
odalu,2,ಕಣ್ಣು ತುಂಬು,kaṇṇu tumbu,moved to tears,the eyes fill,,,"Reversible in a way English is not: a sight can also ಕಣ್ಣು ತುಂಬು you, by being beautiful.",ನೀನೇ ಸಾಕಿದ ಗಿಣಿ,,ಮಾನಸ ಸರೋವರ,ZjNABpeGfwA,
odalu,2,ಕಣ್ಣೀರು,kaṇṇīru,tears,eye-water,,,"Plain compound, no ceremony. Kannada saves its ceremony for the phrases around it.",ಬಾಳುವಂತ ಹೂವೇ ಬಾಡುವಾಸೆ ಏಕೆ,ಉಪೇಂದ್ರ ಕುಮಾರ್ · ರಾಜಕುಮಾರ್,ಆಕಸ್ಮಿಕ · 1993,BOoWZEhCh8s,40
odalu,1,ಸಿಟ್ಟು,siṭṭu,visible anger,,,"ಕೋಪ|kōpa|anger, composed ;; ಕ್ರೋಧ|krōdha|wrath ;; ಮುನಿಸು|munisu|the loving sulk ;; ಸೆಡವು|seḍavu|a huff","Hot and quick, and the most-used of the anger words.",ತಗರು ಬಂತು ತಗರು,ಚರಣ್ ರಾಜ್,ತಗರು · 2018,V3-Fd8wPuRA,20
odalu,2,ಕಣ್ಣು ಕೆಂಪು,kaṇṇu kempu,about to break,red eyes,,,"A warning read by everyone present. The threat is in the description, not in any word for anger.",ಸುಲ್ತಾನ,ರವಿ ಬಸ್ರೂರು,ಕೆ.ಜಿ.ಎಫ್ ೨ · 2022,kwa9JRcqKeE,30
odalu,2,ಹುಬ್ಬು ಗಂಟು,hubbu gaṇṭu,a knitted brow,the eyebrows knot,,,"The smallest visible unit of displeasure, and often the only one you get.",ಜಗವೇ ಒಂದು ರಣರಂಗ,ಹಂಸಲೇಖ · ಶಿವರಾಜ್‌ಕುಮಾರ್,ರಣರಂಗ · 1988,MpzlmO8OLH8,25
odalu,1,ನಾಚಿಕೆ,nāchike,shyness and shame at once,,,"ಸಂಕೋಚ|saṅkōca|shrinking, reticence ;; ಮುಜುಗರ|mujugara|awkwardness ;; ಲಜ್ಜೆ|lajje|modesty, shame",A bride's ನಾಚಿಕೆ and a thief's are the same noun. English needs three words and grades them differently; Kannada trusts context completely.,ಬಿಂಕದ ಸಿಂಗಾರಿ,,ಕನ್ಯಾರತ್ನ,URetKS2ebzQ,
odalu,2,ಕಣ್ಣು ತಗ್ಗಿಸು,kaṇṇu taggisu,averting the eyes,to lower the eyes,,,"The gesture that covers modesty, shyness and guilt without distinguishing them.",ನಿಲ್ಲು ನಿಲ್ಲೇ ಪತಂಗ,,ಎಡಕಲ್ಲು ಗುಡ್ಡದ ಮೇಲೆ,_Kr6ZDcBnO8,
odalu,2,ಮುಜುಗರ,mujugara,awkwardness,,,ಸಂಕೋಚ|saṅkōca|shrinking ;; ಇರುಸುಮುರುಸು|irusumurusu|squirming discomfort ;; ಕಸಿವಿಸಿ|kasivisi|small unease,"The wince at a social scene, often on someone else's behalf.",ಪ್ಯಾರ್ಗೆ ಆಗ್ಬಿಟ್ಟೈತೆ,,ಗೋವಿಂದಾಯ ನಮಃ,eccBCKBmJr0,
rasa,wheel,ರಸಚಕ್ರ,nava-rasa · the nine flavours,"The nine rasas, each with its ಸ್ಥಾಯಿಭಾವ, opened out into daily Kannada.",ನವರಸ,,,,,,,,
rasa,0,ಶೃಂಗಾರ,śṛṅgāra,"love, the erotic",,"ರತಿ · rati, desire",,"The first and most argued-over rasa. It is not romance in the modern sense: ಶೃಂಗಾರ covers the whole apparatus of attraction, adornment and separation, and half of it is about being apart.",ಜೊತೆಯಲಿ ಜೊತೆ ಜೊತೆಯಲಿ,ಇಳಯರಾಜ · ಎಸ್.ಪಿ.ಬಿ,ಗೀತಾ · 1981,8HbwsAOfoRY,25
rasa,1,ಒಲವು,olavu,"fondness, leaning-toward",,,,"Native, and the gentlest of the love words. You have ಒಲವು for a person, a place, or an idea.",ಒಲವಿನ ಉಡುಗೊರೆ ಕೊಡಲೇನು,ಎಂ. ರಂಗರಾವ್,ಒಲವಿನ ಉಡುಗೊರೆ · 1987,19r6J7zYjcA,20
rasa,2,ಪ್ರೀತಿ,prīti,love,,,ಮಮತೆ|mamate|attachment-love ;; ವಾತ್ಸಲ್ಯ|vātsalya|tenderness flowing downward ;; ಅಕ್ಕರೆ|akkare|fondness ;; ಒಲವು|olavu|leaning toward,"The general word, used for parents, friends and lovers without embarrassment.",ನೂರೊಂದು ಜನ್ಮಕು,,ಅಮೆರಿಕಾ ಅಮೆರಿಕಾ,pFt58gtRgiM,
rasa,2,ಮೆಚ್ಚುಗೆ,meccuge,"liking, approval",,,ಪ್ರಶಂಸೆ|praśaṁse|praise ;; ಒಲವು|olavu|leaning toward ;; ಇಷ್ಟ|iṣṭa|liking,Both the feeling and its expression: to ಮೆಚ್ಚು silently is incomplete.,ನಿನ್ನಿಂದಲೇ ನಿನ್ನಿಂದಲೇ,,ಮಿಲನ,-xmRjO2G05c,
rasa,1,ಸರಸ,sarasa,playful flirtation,,,,"Literally 'with rasa'. The word for banter between people who like each other, and it is not coy about it. ಸರಸ is the asking, not the having.",ಚೆಲುವೆ ಒಂದು ಕೇಳ್ತೀನಿ,ಹಂಸಲೇಖ,ಪ್ರೇಮಲೋಕ · 1987,ntte23oU56A,30
rasa,2,ಚೆಲ್ಲಾಟ,cellāṭa,dalliance,,,,Play with a loose edge to it: used affectionately and as a mild accusation.,ನಿಲ್ಲು ನಿಲ್ಲೇ ಪತಂಗ,,ಎಡಕಲ್ಲು ಗುಡ್ಡದ ಮೇಲೆ,_Kr6ZDcBnO8,
rasa,2,ನಾಚಿಕೆ,nāchike,bashfulness,,,"ಸಂಕೋಚ|saṅkōca|shrinking, reticence ;; ಮುಜುಗರ|mujugara|awkwardness ;; ಲಜ್ಜೆ|lajje|modesty, shame","Shyness, modesty and shame in one noun. A bride's ನಾಚಿಕೆ and a thief's are the same word.",ಬಿಂಕದ ಸಿಂಗಾರಿ,,ಕನ್ಯಾರತ್ನ,URetKS2ebzQ,
rasa,1,ವಿರಹ,viraha,the pain of separation,,,,"A whole genre of Kannada poetry sits here. English has no single word, which is why so much of it gets translated as 'longing' and loses the ache. A poem before it was a film song; the separation is from a flute you cannot find.",ಯಾವ ಮೋಹನ ಮುರಳಿ ಕರೆಯಿತು,ಸಿ. ಅಶ್ವತ್ಥ್,ಗೋಪಾಲಕೃಷ್ಣ ಅಡಿಗ · ಅಮೆರಿಕ ಅಮೆರಿಕ,iaNgco2oRUs,35
rasa,2,ಹಂಬಲ,hambala,yearning,,,ಕಾತರ|kātara|aching eagerness ;; ತವಕ|tavaka|eagerness ;; ಹಪಹಪಿ|hapahapi|craving,"The pull toward something absent: a place, a person, a life not lived.",ವಿರಹ ನೂರು ನೂರು ತರಹ,,ಎಡಕಲ್ಲು ಗುಡ್ಡದ ಮೇಲೆ,AHqvd_nVJxE,
rasa,2,ಕಾತರ,kātara,aching eagerness,,,,Waiting that has begun to hurt slightly.,ಎಲ್ಲಿರುವೆ ಮನವ ಕಾಡುವ ರೂಪಸಿಯೇ,,ಬಯಲು ದಾರಿ,Dkm1xvK7EUE,
rasa,1,ಮೋಹ,mōha,infatuation,,,,"In philosophy ಮೋಹ is delusion, one of the six enemies. In daily speech it is simply being besotted: the moral warning is still audible underneath.",ಅನಿಸುತಿದೆ ಯಾಕೋ ಇಂದು,ಮನೋಮೂರ್ತಿ · ಸೋನು ನಿಗಮ್,ಮುಂಗಾರು ಮಳೆ · 2006,nlsLKA6hlVQ,35
rasa,2,ಸೆಳೆತ,seḷeta,"pull, attraction",,,,Native and physical: the same word for an undertow and for a muscle cramp.,ಕನಸಲು ನೀನೇ ಮನಸಲು ನೀನೇ,,ಬಯಲು ದಾರಿ,7CS11BGmP98,
rasa,2,ವ್ಯಾಮೋಹ,vyāmōha,obsessive attachment,,,,ಮೋಹ with the brakes off. Said of parents about children as often as of lovers.,ಉಸಿರೇ ಉಸಿರೇ,,ಹುಚ್ಚ,Ukk2pr5inBA,
rasa,0,ಹಾಸ್ಯ,hāsya,"mirth, the comic",,"ಹಾಸ · hāsa, laughter",,"The rasa the English feeling wheel has no room for at all. Kannada grades laughter finely, and most of the grades are about who is being laughed at. Absurd on purpose. Kannada cinema's most quoted joke.",ಬೊಂಡ ನಾ ಬಜ್ಜಿ ನಾ,,ಕೋತಿಗಳು ಸಾರ್ ಕೋತಿಗಳು,63rWWFGLMMQ,
rasa,1,ನಗು,nagu,laughter,,,,The plain native verb-noun. Everything else in this sector is a shade of it.,ನಗು ನಗುತಾ ನಲಿ ನಲಿ,ರಾಜನ್-ನಾಗೇಂದ್ರ · ಪಿ.ಬಿ.ಎಸ್,ಬಂಗಾರದ ಮನುಷ್ಯ · 1972,uJRbb59gN0s,55
rasa,2,ನಗೆ,nage,a laugh,,,,"The countable one: you can have a ನಗೆ, you cannot have a ನಗು.",ನಗಿಸಲು ನೀನು ನಗುವೆನು ನಾನು,,ಗಾಳಿ ಮಾತು,Px_0a24kwQA,
rasa,2,ಕಿಸಿಕಿಸಿ,kisikisi,giggling,,,,Sound-word. The laughter you are trying and failing to suppress.,,,,,
rasa,1,ತಮಾಷೆ,tamāṣe,fun,,,,"Borrowed from Urdu and now completely at home. 'ತಮಾಷೆಗೆ ಹೇಳಿದೆ', I said it for fun, is the standard retreat.",ಯಾರಿಗೆ ಹೇಳೋಣ ನಮ್ಮ ಪ್ರಾಬ್ಲಮ್ಮು,ಮನೋಮೂರ್ತಿ,ಲೈಫು ಇಷ್ಟೇನೆ · 2011,f86MjXLG6js,25
rasa,2,ತುಂಟತನ,ṭuṇṭatana,mischief,,,,The naughtiness of a child you are not actually angry with.,ಅಂತಿಂಥ ಹೆಣ್ಣು ನೀನಲ್ಲ,,ಸಂಪತ್ತಿಗೆ ಸವಾಲ್,TGk76BRcu7M,
rasa,2,ಕೀಟಲೆ,kīṭale,teasing,,,,"Teasing you are allowed to do, which means it is a claim about the relationship.",ಪ್ಯಾರ್ಗೆ ಆಗ್ಬಿಟ್ಟೈತೆ,,ಗೋವಿಂದಾಯ ನಮಃ,eccBCKBmJr0,
rasa,1,ಗೇಲಿ,gēli,mockery,,,ಅಪಹಾಸ್ಯ|apahāsya|ridicule ;; ಅಣಕ|aṇaka|mimicry ;; ಅವಹೇಳನ|avahēḷana|belittling ;; ಕುಚೋದ್ಯ|kucōdya|malicious teasing,Laughter turned and pointed. The wound is that a good thing was aimed at you. ಗೇಲಿ with the safety off: the song calls the whole audience a fool.,ಓಳು ಬರಿ ಓಳು,ಗುರುಕಿರಣ್,ಉಪೇಂದ್ರ · 1999,-MKlrMx2k1c,30
rasa,2,ಅಣಕ,aṇaka,mimicry,,,,Doing an impression of someone to their disadvantage.,,,,,
rasa,2,ವ್ಯಂಗ್ಯ,vyaṅgya,sarcasm,,,,In poetics ವ್ಯಂಗ್ಯ is suggested meaning: the good kind. In an argument it is the knife.,,,,,
rasa,1,ಮುಗುಳ್ನಗೆ,muguḷnage,a smile,,,,'Bud-laugh': the laugh that has not opened. A compound of exactly the kind Kannada makes best.,ನಗುವ ನಯನ ಮಧುರ ಮೌನ,ಇಳಯರಾಜ · ಎಸ್.ಪಿ.ಬಿ,ಪಲ್ಲವಿ ಅನುಪಲ್ಲವಿ · 1983,AJSeaFthdeE,30
rasa,2,ಸಂತಸ,santasa,gladness,,,,"Gladness, with a quieter and more inward feel than ಸಂತೋಷ.",ಸಂತೋಷಕ್ಕೆ ಹಾಡು ಸಂತೋಷಕ್ಕೆ,,ಗೀತಾ,neLfupVwObI,
rasa,2,ಹಗುರ,hagura,lightness,,,,The change in weight after something is resolved.,ಸಿಹಿಗಾಳಿ ಸಿಹಿಗಾಳಿ,,ಆ ದಿನಗಳು,lmn-SUQ4NlI,
rasa,0,ಕರುಣ,karuṇa,"compassion, pathos",,"ಶೋಕ · śōka, grief",,"The rasa Kannada literature is most at home in. Note that it names not grief itself but grief-made-shareable: the feeling an audience has, not the one the character has. Bendre to his wife. The most exposed grief in Kannada.",ನೀ ಹೀಂಗ ನೋಡಬ್ಯಾಡ ನನ್ನ,ಸಿ. ಅಶ್ವತ್ಥ್,ದ.ರಾ. ಬೇಂದ್ರೆ,L4f3c63uSkU,45
rasa,1,ಅಳಲು,aḷalu,the wail,,,ಶೋಕ|śōka|mourning ;; ಗೋಳು|gōḷu|wretched crying ;; ರೋದನ|rōdana|lamentation,"Native, and it is the sound before it is the feeling.",ಬಾಳುವಂತ ಹೂವೇ ಬಾಡುವಾಸೆ ಏಕೆ,ಉಪೇಂದ್ರ ಕುಮಾರ್ · ರಾಜಕುಮಾರ್,ಆಕಸ್ಮಿಕ · 1993,BOoWZEhCh8s,40
rasa,2,ದುಃಖ,duḥkha,sorrow,,,ಶೋಕ|śōka|formal mourning ;; ವ್ಯಥೆ|vyathe|affliction ;; ಸಂಕಟ|saṅkaṭa|the chest closing ;; ಕೊರಗು|koragu|the grief that thins you ;; ವಿಷಾದ|viṣāda|melancholy ;; ಅಳಲು|aḷalu|the wail,"The general word, and also the technical Buddhist one. Kannada uses it for a bad afternoon.",ನೀನೇ ಸಾಕಿದ ಗಿಣಿ,,ಮಾನಸ ಸರೋವರ,ZjNABpeGfwA,
rasa,2,ಕಣ್ಣೀರು,kaṇṇīru,tears,,,,"Eye-water. Plain compound, no ceremony: Kannada saves the ceremony for the phrases around it.",ಕಣ್ಣೀರ ಧಾರೆ ಇದೇತಕೆ,,ಹೊಸ ಬೆಳಕು,K7RXspdkHmc,
rasa,1,ಕನಿಕರ,kanikara,compassion,,,"ಅನುಕಂಪ|anukampa|fellow-feeling ;; ಮರುಕ|maruka|pity, ruth ;; ಕರುಣೆ|karuṇe|mercy ;; ದಯೆ|daye|kindness",What you feel toward someone whose situation you can see clearly. Not quite pity: there is less height in it. Newman's Lead Kindly Light in Kannada; the mercy is asked for.,ಕರುಣಾಳು ಬಾ ಬೆಳಕೆ,ಮೈಸೂರು ಅನಂತಸ್ವಾಮಿ · ಬಿ.ಆರ್. ಛಾಯಾ,ಬಿ.ಎಂ. ಶ್ರೀಕಂಠಯ್ಯ,giYhVJBhKXU,30
rasa,2,ಮರುಕ,maruka,"pity, ruth",,,,'Turning back toward': pity as the movement of turning to look again at someone.,ಬ್ರಹ್ಮ ವಿಷ್ಣು ಶಿವ ಎದೆ ಹಾಲು ಕುಡಿದರೋ,,ಎಕ್ಸ್‌ಕ್ಯೂಸ್ ಮಿ,klZyF45XGgQ,
rasa,2,ಕರುಳು ಚುರುಕ್,karuḷu curuk,the gut-pang,,,,The involuntary sting on seeing a child or an animal in distress. Pity is a judgement; this is a reflex.,,,,,
rasa,1,ಸಂಕಟ,saṅkaṭa,anguish,,,ತಳಮಳ|taḷamaḷa|churn ;; ಒದ್ದಾಟ|oddāṭa|thrashing about ;; ಪರದಾಟ|paradāṭa|floundering,Felt as constriction: the chest closing. Used equally for a dying person's distress and for an impossible choice.,ಕಾಣದ ಕಡಲಿಗೆ ಹಂಬಲಿಸಿದೆ ಮನ,ಸಿ. ಅಶ್ವತ್ಥ್,ಜಿ.ಎಸ್. ಶಿವರುದ್ರಪ್ಪ,n66FGCYtWBc,35
rasa,2,ಉಮ್ಮಳ,ummaḷa,grief welling up,,,,"Names the swell, not the weeping: the moment before it breaks.",ಹೃದಯ ಸಮುದ್ರ ಕಲಕಿ,,ಅಶ್ವಮೇಧ,BxAaThBvMQo,
rasa,2,ಕೊರಗು,koragu,pining,,,,The grief that thins you over years rather than days.,ನಮ್ಮೂರ ಮಂದಾರ ಹೂವೇ,,ಆಲೆಮನೆ,ySRGK6PVz3Q,
rasa,1,ಹಳಹಳಿಕೆ,haḷahaḷike,regret braided with longing,,,,"Remorse for something you would, honestly, do again. English has to use a whole sentence.",ಎಂದೆಂದೂ ನಿನ್ನನು ಮರೆತು ಬದುಕಿರಲಾರೆ,ರಾಜನ್-ನಾಗೇಂದ್ರ · ಪಿ.ಬಿ.ಎಸ್,ಎರಡು ಕನಸು · 1974,oB01cnveBIU,25
rasa,2,ಪಶ್ಚಾತ್ತಾಪ,paścāttāpa,remorse,,,,'After-heat': the burn that arrives once the act is over.,ಮರೆಯದೆ ಕ್ಷಮಿಸು,,ಕನ್ನಡ ಚಿತ್ರಗೀತೆ,rPds_vgFFIw,
rasa,2,ವಿಷಾದ,viṣāda,melancholy,,,,Sadness with the edges worn off. The word Kannada writers reach for when nothing in particular is wrong.,ಹೂವು ಚೆಲುವೆಲ್ಲ ನಂದೆಂದಿತು,,ಹಣ್ಣೆಲೆ ಚಿಗುರಿದಾಗ,ZgwLKTqlwbg,
rasa,0,ರೌದ್ರ,raudra,fury,,"ಕ್ರೋಧ · krōdha, wrath",,"Named for Rudra. The rasa is deliberately grand, a god's anger, not a bad mood, which is why the daily words underneath it feel so much smaller and so much more used. Fury with an address. Not a temper but an accusation.",ಯಾರಿಗೆ ಬಂತು ಎಲ್ಲಿಗೆ ಬಂತು ನಲವತ್ತೇಳರ ಸ್ವಾತಂತ್ರ್ಯ,ಪಿಚ್ಚಳ್ಳಿ ಶ್ರೀನಿವಾಸ್,ಸಿದ್ದಲಿಂಗಯ್ಯ,s90VmReOoco,15
rasa,1,ಸಿಟ್ಟು,siṭṭu,anger,,,"ಕೋಪ|kōpa|anger, composed ;; ಕ್ರೋಧ|krōdha|wrath ;; ಮುನಿಸು|munisu|the loving sulk ;; ಸೆಡವು|seḍavu|a huff","Hot and quick, and the most-used of the anger words.",ತಗರು ಬಂತು ತಗರು,ಚರಣ್ ರಾಜ್,ತಗರು · 2018,V3-Fd8wPuRA,20
rasa,2,ಕೋಪ,kōpa,"anger, the general word",,,"ಸಿಟ್ಟು|siṭṭu|hot, quick anger ;; ಕ್ರೋಧ|krōdha|wrath ;; ರೋಷ|rōṣa|fury ;; ಸಿಡುಕು|siḍuku|worn-in irritability ;; ಮುನಿಸು|munisu|the loving sulk ;; ತಾಪ|tāpa|heat",Slightly more composed than ಸಿಟ್ಟು: you can have ಕೋಪ quietly.,,,,,
rasa,2,ಸಿಡುಕು,siḍuku,irritability,,,,"Not an episode but a temperament, and one you wear on your face.",,,,,
rasa,1,ರೊಚ್ಚು,roccu,rage,,,"ರೋಷ|rōṣa|fury ;; ಕ್ರೋಧ|krōdha|wrath ;; ಆವೇಶ|āvēśa|frenzy, possession ;; ಉಗ್ರ|ugra|ferocious",ರೊಚ್ಚಿಗೇಳು: to rise into ರೊಚ್ಚು. Anger that has got into the body and lifted you out of your seat.,ಸುಲ್ತಾನ,ರವಿ ಬಸ್ರೂರು,ಕೆ.ಜಿ.ಎಫ್ ೨ · 2022,kwa9JRcqKeE,30
rasa,2,ಕೆಂಡಾಮಂಡಲ,keṇḍā-maṇḍala,incandescent,,,,'A whole mandala of live coals.' One of the finest anger words in the language.,,,,,
rasa,2,ಆವೇಶ,āvēśa,frenzy,,,,"Also the word for being possessed by a deity. The grammar says the feeling is driving, not you.",,,,,
rasa,1,ಹಗೆ,hage,enmity,,,,"The old native word for an enemy, and heavy: the enmity of feuds, not of office politics.",ಜಗವೇ ಒಂದು ರಣರಂಗ,ಹಂಸಲೇಖ · ಶಿವರಾಜ್‌ಕುಮಾರ್,ರಣರಂಗ · 1988,MpzlmO8OLH8,25
rasa,2,ದ್ವೇಷ,dvēṣa,hatred,,,,Settled and directed. One of the six enemies in the moral vocabulary.,,,,,
rasa,2,ಸೇಡು,sēḍu,revenge,,,,"Native. ಸೇಡು ತೀರಿಸಿಕೊಳ್ಳು, to settle the revenge, treats it as a debt.",,,,,
rasa,1,ಆಕ್ರೋಶ,ākrōśa,outcry,,,,Anger with a case to argue. The word every Kannada news bulletin uses for public anger. The outcry that refuses to argue back.,ಯಾರೇ ಕೂಗಾಡಲಿ ಊರೇ ಹೋರಾಡಲಿ,ಜಿ.ಕೆ. ವೆಂಕಟೇಶ್ · ರಾಜಕುಮಾರ್,ಸಂಪತ್ತಿಗೆ ಸವಾಲ್ · 1974,3VkLPCrDB6c,20
rasa,2,ಅಸಮಾಧಾನ,asamādhāna,discontent,,,,'Un-settledness': the negation of consolation. A grievance nobody talked down.,,,,,
rasa,2,ಬಂಡಾಯ,baṇḍāya,revolt,,,,"Also the name of a Kannada literary movement, which is the right amount of baggage.",,,,,
rasa,0,ವೀರ,vīra,the heroic,,"ಉತ್ಸಾಹ · utsāha, vigour",,"The rasa with no home on the English wheel at all. Its ಸ್ಥಾಯಿಭಾವ is not courage but ಉತ್ಸಾಹ, energy, which quietly claims that heroism is a kind of enthusiasm.",ಹುಟ್ಟಿದರೆ ಕನ್ನಡ ನಾಡಲ್ಲಿ ಹುಟ್ಟಬೇಕು,ಹಂಸಲೇಖ · ರಾಜಕುಮಾರ್,ಆಕಸ್ಮಿಕ · 1993,dSqQkqqq8fM,35
rasa,1,ಧೈರ್ಯ,dhairya,courage,,,ಕೆಚ್ಚು|keccu|embers-courage ;; ಎದೆಗಾರಿಕೆ|edegārike|nerve ;; ದಿಟ್ಟತನ|diṭṭatana|boldness ;; ಛಲ|chala|resolve,"Steadiness under fear. The everyday word, and the one you tell someone to have.",ಆಗದು ಎಂದು ಕೈಲಾಗದು ಎಂದು,ರಾಜನ್-ನಾಗೇಂದ್ರ · ಪಿ.ಬಿ.ಎಸ್,ಬಂಗಾರದ ಮನುಷ್ಯ · 1972,-Oryie1c-gs,50
rasa,2,ಕೆಚ್ಚು,keccu,fierce courage,,,,"Heat held in the body. Kannada's bravery word is thermal, not moral.",ಕನ್ನಡ ನಾಡಿನ ವೀರ ರಮಣಿಯ,,ನಾಗರಹಾವು,ziNXOdlPLLE,
rasa,2,ಎದೆಗಾರಿಕೆ,edegārike,nerve,,,,'Chest-having': the willingness to stand up and say it.,ಆಕಾಶವೇ ಬೀಳಲಿ ಮೇಲೆ,,ನ್ಯಾಯವೇ ದೇವರು,9dtaiMx6Rl4,
rasa,1,ಛಲ,chala,resolve,,,,One of the most-used words in Kannada self-description. Not stubbornness: the refusal to be finished with something.,ಧೀರ ಧೀರ,ರವಿ ಬಸ್ರೂರು,ಕೆ.ಜಿ.ಎಫ್ · 2018,IuS4LL_ALrU,40
rasa,2,ಹಠ,haṭha,insistence,,,,ಛಲ's difficult sibling. A child throwing ಹಠ and a satyagrahi holding it are the same noun.,,,,,
rasa,2,ಪಟ್ಟು,paṭṭu,"a hold, a grip",,,,"From wrestling. ಪಟ್ಟು ಬಿಡದೆ, without letting go of the hold, is how persistence is described.",,,,,
rasa,1,ಹೆಮ್ಮೆ,hemme,pride,,,"ಅಭಿಮಾನ|abhimāna|pride as loyalty ;; ಗರ್ವ|garva|pride, tipping toward vanity ;; ಅಹಂಕಾರ|ahaṅkāra|the pride that has gone bad ;; ಗತ್ತು|gattu|swagger","Warm pride, usually in someone else. Distinct from ಅಹಂಕಾರ, which is the pride that has gone bad. ಹೆಮ್ಮೆ as loyalty rather than vanity; the state sings it standing.",ಜಯ ಭಾರತ ಜನನಿಯ ತನುಜಾತೆ,ಸಿ. ಅಶ್ವತ್ಥ್,ಕುವೆಂಪು · ನಾಡಗೀತೆ,wMc3jzeog1s,15
rasa,2,ಅಭಿಮಾನ,abhimāna,pride-as-loyalty,,,,"For your language, your team, your people. Its second sense is the wound when that loyalty is slighted.",ನಾವಾಡುವ ನುಡಿಯೇ ಕನ್ನಡ ನುಡಿ,,ಗಂಧದ ಗುಡಿ,R3ogWZ_VBx0,
rasa,2,ಗತ್ತು,gattu,swagger,,,,"Native, and affectionately used: the carriage of someone who knows they are good.",ಕರಾಬು,,ಪೊಗರು,Ysf4QRrcLGM,
rasa,1,ಹುರುಪು,hurupu,vigour,,,,"Native. The energy you start a thing with, before ಛಲ has to take over.",ಬಾರಿಸು ಕನ್ನಡ ಡಿಂಡಿಮವ,ಶಿವಮೊಗ್ಗ ಸುಬ್ಬಣ್ಣ,ಕುವೆಂಪು,48T3gr4AFJo,15
rasa,2,ಉಮೇದು,umēdu,zest,,,,Borrowed and thoroughly domesticated. 'ಉಮೇದು ಇಲ್ಲ' is a complete diagnosis.,ಜೀವ ಕನ್ನಡ,,ವೀರ ಕನ್ನಡಿಗ,kn9Sv7uaUDE,
rasa,2,ಸಂಭ್ರಮ,sambhrama,festive elation,,,,"Busy, shared, slightly frantic joy: a wedding house at six in the morning. Nobody has ಸಂಭ್ರಮ alone.",ಚುಟು ಚುಟು,,ರಾಂಬೊ 2,mK9C6wViwn4,
rasa,0,ಭಯಾನಕ,bhayānaka,terror,,"ಭಯ · bhaya, fear",,Kannada's richest sector by count. Fear is graded by intensity and by whether you can see it coming. Seduction and dread in one throat.,ರಾ ರಾ ಸರಸಕು,ಗುರುಕಿರಣ್ · ರಾಜೇಶ್ ನಂದಿತಾ,ಆಪ್ತಮಿತ್ರ · 2004,ReeQgwpRO88,30
rasa,1,ಹೆದರಿಕೆ,hedarike,being scared,,,,"The plain daily word, and the one children are told not to have.",ಕರ್ಮ ಥೀಮ್,,ಯು ಟರ್ನ್,MSW9ZhgAM2Y,
rasa,2,ಅಂಜಿಕೆ,añjike,timidity,,,,"Fear as a disposition. ಅಂಜುಬುರುಕ, one who is full of it, is a mild insult.",,,,,
rasa,2,ಬೆದರಿಕೆ,bedarike,a threat,,,ಹೆದರಿಕೆ|hedarike|being scared ;; ಬೆಚ್ಚು|beccu|a startle ;; ಅಪಾಯ|apāya|danger,"The threat itself. Kannada places it outside you: 'ಬೆದರಿಕೆ ಇದೆ', there is a threat.",,,,,
rasa,1,ದಿಗಿಲು,digilu,dread,,,ಆತಂಕ|ātaṅka|anxiety ;; ತಳಮಳ|taḷamaḷa|churn ;; ಭೀತಿ|bhīti|terror,Heavier and more still than ಹೆದರಿಕೆ. The fear that has settled in and is waiting.,ದೆನ್ನಾನ ದೆನ್ನಾನ,ಅನೂಪ್ ಭಂಡಾರಿ,ರಂಗಿತರಂಗ · 2015,oepLylgqSKU,20
rasa,2,ಆತಂಕ,ātaṅka,anxiety,,,"ಕಳವಳ|kaḷavaḷa|agitation ;; ಚಿಂತೆ|cinte|worry, thought ;; ತಳಮಳ|taḷamaḷa|churn ;; ವ್ಯಾಕುಲ|vyākula|distress",Now the standard clinical word too. Its older sense is closer to 'impediment': anxiety as the thing in your way.,ಹೇಳು ಶಿವ,,ಲೂಸಿಯಾ,udlrKIs0b-o,
rasa,2,ತಳಮಳ,taḷamaḷa,churn,,,,The word for boiling liquid and for a mind that will not settle.,,,,,
rasa,1,ಗಾಬರಿ,gābari,panic,,,,"Sudden, visible, and slightly undignified: the fear other people can see you having. A summons you did not want. Panic as something calling you by name.",,,,,
rasa,2,ಬೆಚ್ಚು,beccu,a startle,,,,ಬೆಚ್ಚಿಬೀಳು: to be startled and drop. Kannada builds the flinch out of a fall.,,,,,
rasa,2,ನಡುಕ,naḍuka,the tremble,,,,"The body named, the feeling left to be inferred.",,,,,
rasa,1,ಅಳುಕು,aḷuku,misgiving,,,"ಅಭದ್ರತೆ|abhadrate|insecurity, of a thing unguarded ;; ಹಿಂಜರಿಕೆ|hiñjarike|hesitation ;; ಶಂಕೆ|śaṅke|misgiving with fear in it","The small inward flinch before you do the thing anyway. ಅಭದ್ರತೆ carries the other sense of <i>insecure</i>: physically unguarded, a word for buildings and borders. The misgiving that arrives at dusk with no reason attached.",,,,,
rasa,2,ಹಿಂಜರಿಕೆ,hiñjarike,hesitation,,,,To slide backwards: the foot that starts to move and then does not.,,,,,
rasa,2,ಅನುಮಾನ,anumāna,doubt,,,ಶಂಕೆ|śaṅke|misgiving with fear in it ;; ಸಂಶಯ|saṁśaya|suspicion of a person ;; ಸಂದೇಹ|sandēha|uncertainty about a fact,"One of four graded doubt words. ಶಂಕೆ leans to fear, ಸಂಶಯ to suspicion of a person, ಸಂದೇಹ to uncertainty about a fact.",ಖಾಲಿ ಖಾಲಿ,,ಕನ್ನಡ ಚಿತ್ರಗೀತೆ,ypvvqIvrPHY,
rasa,0,ಬೀಭತ್ಸ,bībhatsa,"disgust, the odious",,"ಜುಗುಪ್ಸೆ · jugupse, revulsion",,The rasa nobody wants and every tradition keeps. Kannada files disgust under endurance: ಅಸಹ್ಯ literally means what cannot be borne. Blind money dancing on a dead man's chest. Revulsion with its eyes open.,ಕುರುಡು ಕಾಂಚಾಣ ಕುಣಿಯುತಲಿತ್ತು,ಸಿ. ಅಶ್ವತ್ಥ್,ದ.ರಾ. ಬೇಂದ್ರೆ,HKPetWFxqZM,20
rasa,1,ಅಸಹ್ಯ,asahya,disgust,,,"ಜಿಗುಪ್ಸೆ|jigupse|world-weary revulsion ;; ಜುಗುಪ್ಸೆ|jugupse|the same, other spelling ;; ಹೇಸಿಗೆ|hēsige|filth, loathing ;; ರೋಸು|rōsu|fed up to nausea ;; ವಾಕರಿಕೆ|vākarike|nausea","'Unbearable.' The daily word, used for a smell and for a politician with equal ease.",ಆಚಾರವಿಲ್ಲದ ನಾಲಿಗೆ,ಆರತಿ,ಪುರಂದರದಾಸ · ಉಪಾಸನೆ · 1974,VhSeotVnR08,20
rasa,2,ಹೇಸಿಗೆ,hēsige,"filth, loathing",,,ಅಸಹ್ಯ|asahya|disgust ;; ಕೊಳಕು|koḷaku|dirt ;; ಜುಗುಪ್ಸೆ|jugupse|revulsion,Also literally filth. The moral and the physical are one word: no metaphor required.,,,,,
rasa,2,ಕೊಳಕು,koḷaku,dirt,,,,Native and blunt. Calling a person ಕೊಳಕು is not a comment on hygiene.,,,,,
rasa,1,ವಾಕರಿಕೆ,vākarike,nausea,,,,"The bodily end of the sector, and Kannada moves between it and the moral end without a signal. The gorge rising at ritual done without the mind in it.",,,,,
rasa,2,ಓಕರಿಕೆ,ōkarike,retching,,,,Onomatopoeic and unglamorous.,,,,,
rasa,2,ಹೊಟ್ಟೆ ತೊಳಸು,hoṭṭe toḷasu,the stomach stirs,,,,Used for moral revulsion and actual nausea with nothing between the two senses.,,,,,
rasa,1,ರೋಸು,rōsu,being fed up,,,,ರೋಸಿಹೋಗಿದೆ: fed up to the point of nausea. The most useful word in this sector.,ಬಿಟ್ಟಾಕು ಬಿಟ್ಟಾಕು,,ಸೂಪರ್ ಸ್ಟಾರ್,NORO0x0V8oA,
rasa,2,ಬೇಸರ,bēsara,weary discontent,,,"ಬೇಜಾರು|bējāru|fed up, the same word one register down ;; ಸಪ್ಪೆ|sappe|flat, unsalted ;; ಜಡ|jaḍa|inert","One word for bored, mildly sad, and fed up. The listener reads your face for which.",ಆಡಿಸಿದಾತ ಬೇಸರ ಮೂಡಿ,,ಕಸ್ತೂರಿ ನಿವಾಸ,nszeqsxnK_g,
rasa,2,ರೇಜಿಗೆ,rējige,exasperation,,,,"Disgust at something that keeps not working, rather than at something foul.",,,,,
rasa,1,ತಾತ್ಸಾರ,tātsāra,disdain,,,,"Disgust cooled into a social posture: the version you can hold at a wedding. Contempt done politely: my legs are the pillars, my body the shrine.",ಕುರಿಗಳು ಸಾರ್ ಕುರಿಗಳು,,ಕೆ.ಎಸ್. ನಿಸಾರ್ ಅಹಮದ್,CQF6jSS9NSw,
rasa,2,ಅಸಡ್ಡೆ,asaḍḍe,"not caring, coldly",,,"ನಿರಾಸಕ್ತಿ|nirāsakti|disinterest ;; ಉದಾಸೀನ|udāsīna|indifference, or the cold shoulder ;; ತಾತ್ಸಾರ|tātsāra|disdain","Not caring, and not quite bothering to hide that you are not caring.",,,,,
rasa,2,ಕೊಂಕು,koṅku,the crooked remark,,,,"Fault-finding delivered sideways, which is how it usually arrives.",,,,,
rasa,0,ಅದ್ಭುತ,adbhuta,wonder,,"ವಿಸ್ಮಯ · vismaya, astonishment",,"The rasa that most resembles a modern emotion. Kannada keeps a native word for it, ಬೆರಗು, which is rarer than it should be.",ನಾದಮಯ ಈ ಲೋಕವೆಲ್ಲಾ,ಉಪೇಂದ್ರ ಕುಮಾರ್ · ರಾಜಕುಮಾರ್,ಜೀವನ ಚೈತ್ರ · 1992,EkPOkT_a2U0,60
rasa,1,ಬೆರಗು,beragu,amazement,,,ವಿಸ್ಮಯ|vismaya|astonishment ;; ಅಚ್ಚರಿ|accari|surprise ;; ಸೋಜಿಗ|sōjiga|marvel,Native. Wonder that stops you where you are.,ಎಂಥ ಸೌಂದರ್ಯ ನೋಡು,ಇಳಯರಾಜ,ಮಾತು ತಪ್ಪದ ಮಗ · 1985,nTXVFaSNYiE,25
rasa,2,ಅಚ್ಚರಿ,accari,surprise,,,"ಆಶ್ಚರ್ಯ|āścarya|surprise, the Sanskrit form ;; ವಿಸ್ಮಯ|vismaya|astonishment ;; ಬೆರಗು|beragu|wonder that stops you","ಅಚ್ಚರಿ is the native word and ಆಶ್ಚರ್ಯ the Sanskrit one; both are in daily use, and this wheel uses the shorter.",ಎಂದೂ ಕಾಣದ ಬೆಳಕ ಕಂಡೆ,,ಭೂಲೋಕದಲ್ಲಿ ಯಮರಾಜ,qJGJuDtdHVc,
rasa,2,ದಂಗು,daṅgu,dumbfounded,,,ವಿಸ್ಮಯ|vismaya|astonishment ;; ಆಶ್ಚರ್ಯ|āścarya|surprise ;; ಬೆರಗು|beragu|wonder ;; ದಿಗ್ಭ್ರಮೆ|digbhrame|stupefaction,ದಂಗಾದೆ: I was floored. The version of astonishment with your mouth open.,ಓ ಎಂಥ ಸೌಂದರ್ಯ ಕಂಡೆ,,ಶಂಕರ್ ಗುರು,H_D1GBhlR1w,
rasa,1,ಕುತೂಹಲ,kutūhala,curiosity,,,,Wonder that has turned into a question. Kannada treats it as a virtue.,ಎಲ್ಲೋ ಹುಡುಕಿದೆ ಇಲ್ಲದ ದೇವರ,ಸಿ. ಅಶ್ವತ್ಥ್,ಜಿ.ಎಸ್. ಶಿವರುದ್ರಪ್ಪ,qBAoqZOSMpM,25
rasa,2,ಆಸಕ್ತಿ,āsakti,interest,,,,Literally attachment: interest as a mild binding to a thing.,ಯಾವ ಕವಿಯು ಬರೆಯಲಾರ,,ಭಾಗ್ಯದ ಲಕ್ಷ್ಮಿ ಬಾರಮ್ಮ,67azQ_PEjv0,
rasa,2,ತವಕ,tavaka,eagerness,,,,Eagerness with an edge of ache in it.,ಒಮ್ಮೆ ನಿನ್ನನ್ನು ಕಣ್ತುಂಬ,,ಕನ್ನಡ ಚಿತ್ರಗೀತೆ,A9a71kfcl7s,
rasa,1,ಪುಳಕ,puḷaka,the thrill,,,,"Classical poetics counts it as visible evidence of an inner state, which is why it has its own noun.",ತುಂತುರು ಅಲ್ಲಿ ನೀರ ಹಾಡು,ಹಂಸಲೇಖ,ಅಮೃತವರ್ಷಿಣಿ · 1997,e5byqxOkzRw,40
rasa,2,ರೋಮಾಂಚ,rōmāñca,horripilation,,,,'Hair-motion.' The Sanskrit register of the same event.,ಸಿಂಗಾರ ಸಿರಿಯೇ,,ಕಾಂತಾರ,3XShkcOze3s,
rasa,2,ಮೈ ಝುಮ್,mai jhum,the body tingles,,,,"The spoken version, and specifically aesthetic: you say it about a raga.",ಘಟ್ಟದ ಇಳಿದು,,ಉಳಿದವರು ಕಂಡಂತೆ,1VwZ1tnDZbs,
rasa,1,ಭಯಭಕ್ತಿ,bhaya-bhakti,awe,,,,"Fear-and-devotion, in one compound. Awe as a social posture: how one stands before a deity or a formidable elder. Where awe and fear stop being separable.",ವರಾಹ ರೂಪಂ,ಅಜನೀಶ್ ಲೋಕನಾಥ್,ಕಾಂತಾರ · 2022,gH_RYRwVrVM,30
rasa,2,ಗೌರವ,gaurava,respect,,,,"Something you give, actively, not something you passively have.",ಜಗದೋದ್ಧಾರನ,,ಪುರಂದರದಾಸರ ಪದ,P-Z90NNbD6U,
rasa,2,ದಿಗ್ಭ್ರಮೆ,digbhrame,stupefaction,,,,'Directions-confusion': the compass spins and you cannot tell which way is which.,ಯಾರೋ ನಾನು,,ಕನ್ನಡ ಚಿತ್ರಗೀತೆ,uvMAUAKivio,
rasa,0,ಶಾಂತ,śānta,repose,,"ಶಮ · śama, quiet",,"The ninth rasa, added late and argued over for centuries: can the absence of agitation be a flavour? The English wheel files peace under happiness; the rasa tradition insists it is a state of its own.",ತಂಬೂರಿ ಮೀಟಿದವ,ಕುಲದೀಪ್ ಎಂ. ಪೈ,ಪುರಂದರದಾಸ,uCCaFqRoihQ,30
rasa,1,ನೆಮ್ಮದಿ,nemmadi,peace of mind,,,"ಶಾಂತಿ|śānti|peace, as the absence of conflict ;; ಸಮಾಧಾನ|samādhāna|being consoled ;; ನಿರಾಳ|nirāḷa|unclenched","Sharply distinct from ಶಾಂತಿ, which is peace as the absence of conflict. You can have ಶಾಂತಿ in a house with no ನೆಮ್ಮದಿ in it.",ಹಾಯಾಗಿದೆ ದಿನ ಮನ,,ತಾಯಿ ದೇವರು,p-V14XUHV_0,
rasa,2,ನಿರಾಳ,nirāḷa,unclenched,,,,"The breath after the weight comes off. Freedom as a bodily state, not a political one.",,,,,
rasa,2,ಸಮಾಧಾನ,samādhāna,being consoled,,,ಸಂತೈಕೆ|santaike|consoling ;; ನೆಮ್ಮದಿ|nemmadi|peace of mind ;; ತಣ್ಣಗಾಗು|taṇṇagāgu|to cool down,Both the comfort someone gives and the state it produces.,,,,,
rasa,1,ತೃಪ್ತಿ,tṛpti,satiety,,,ಸಂತೃಪ್ತಿ|santṛpti|full satisfaction ;; ತಣಿವು|taṇivu|slaked ;; ಸಮಾಧಾನ|samādhāna|settledness,"The feeling after a meal, and after a life. Kannada uses the same word without irony.",ಆದದ್ದೆಲ್ಲ ಒಳಿತೇ ಆಯಿತು,,ಪುರಂದರದಾಸರ ಪದ,duJPkITAj6Q,
rasa,2,ತಣಿವು,taṇivu,slaked,,,,Satisfaction as cooling rather than filling: the other half of how Kannada thinks about want.,,,,,
rasa,2,ಸಾರ್ಥಕ,sārthaka,it was worth it,,,,"'Having meaning.' The feeling, where ಯಶಸ್ವಿ is only the outcome.",ಎದೆ ತುಂಬಿ ಹಾಡಿದೆನು,,ಭಾವಗೀತೆ,H-99yoLymF8,
rasa,1,ವೈರಾಗ್ಯ,vairāgya,detachment,,,,"Ordinary speech in Kannada, not only monastic: said of anyone who has stopped wanting a thing they used to want. The roof leaks and the tenant stops minding. Detachment as a house in the rain.",ಸೋರುತಿಹುದು ಮನೆಯ ಮಾಳಿಗೆ,ಸಿ. ಅಶ್ವತ್ಥ್,ಶಿಶುನಾಳ ಶರೀಫ,XyI6hPU_GrM,25
rasa,2,ಉದಾಸೀನ,udāsīna,"equanimity, or the cold shoulder",,,,"In philosophy the sage's evenness. In an argument, the coldest insult available. Same word.",ಬದುಕು ಮಾಯೆಯ ಮಾಟ,,ಅಲ್ಲಮಪ್ರಭು ವಚನ,zInzP5hhuss,
rasa,2,ನಿರ್ಲಿಪ್ತ,nirlipta,unsmeared,,,,"Literally not stuck to anything: the lotus-leaf image, worn down into an ordinary adjective.",ನೀ ಮಾಯೆಯೊಳಗೋ ನಿನ್ನೊಳು ಮಾಯೆಯೋ,,ಕನಕದಾಸರ ಪದ,u2SaAkSGCBo,
rasa,1,ಮೌನ,mauna,silence,,,,"Treated as an action, not an absence. ಮೌನ ವಹಿಸು, to take up silence, is something you do to someone.",ಮೌನವೇ ಆಭರಣ,ವಿಜಯಭಾಸ್ಕರ್ · ಪಿ.ಬಿ.ಎಸ್,ತೂಗುದೀಪ · 1966,0PosS9zq20k,20
rasa,2,ಏಕಾಂತ,ēkānta,"solitude, chosen",,,,"The good kind of alone. Kannada draws the line English blurs: ಒಂಟಿತನ hurts, ಏಕಾಂತ is sought.",ನಿನ್ನ ಪ್ರೇಮದ ಪರಿಯ,,ಭಾವಗೀತೆ,kfkWSM_4Lm8,
rasa,2,ತಂಪು,tampu,coolness,,,,"Native, and the whole thermal vocabulary in one word: the opposite pole from ಸಿಟ್ಟು, ಕಿಚ್ಚು, ಬಿಸಿ and ಉರಿ.",ಜೋಗದ ಸಿರಿ ಬೆಳಕಿನಲ್ಲಿ,,ನಿತ್ಯೋತ್ಸವ,HaPlvfRS7EI,
